2.92167,2.72079,5.99195,6.90996,9.38982,8.00086,9.87533,5.44975,10.56185,9.94091,11.36887,11.38715,12.74308,13.68357,12.09269,13.55951,12.28406,10.43634,7.06716,5.41960,9.77672,8.55553,6.35467,6.09050,8.68729,6.37067,7.88343,6.40857,9.73426,7.43720,9.79740,8.31328,6.33955,7.94109,7.21124,6.21743,4.73435,4.42175,5.40174,5.22708
5.60934,6.02060,13.53447,17.18419,20.64089,24.53861,23.03303,22.89410,27.30512,24.04710,24.54770,25.64927,19.63954,17.81568,15.51403,15.87281,12.93043,15.17227,13.56359,14.36085,16.05339,17.21309,15.86603,13.97574,15.93048,14.25172,14.41500,14.33270,15.23235,13.88525,11.75741,11.67122,13.07696,11.85790,10.06910,9.95667,8.81841,9.54473,9.44969,9.63144
5.27632,5.74369,12.22915,13.55998,14.84724,15.47346,16.54465,14.40560,16.64678,14.47440,14.84378,13.64779,10.02801,10.59036,8.49139,11.76950,10.06907,12.06311,9.75531,8.05873,12.35397,11.45094,7.79415,8.83736,8.41164,7.32484,10.39496,7.37002,11.29392,8.75428,8.58795,9.05954,7.93613,7.91077,7.15111,5.88958,4.92848,4.99950,5.70633,5.77738
4.94238,5.42663,10.67157,14.21963,16.34012,20.67569,18.77583,16.75925,18.60869,16.92820,17.09194,16.62009,13.63952,15.83408,12.08874,14.42325,12.53305,12.35780,10.94159,9.64321,13.35625,11.12121,9.25860,8.56760,11.17685,8.79417,10.97074,7.97094,11.16472,8.00066,10.06040,8.05626,8.29483,9.47344,8.40524,6.97827,7.22289,8.88023,9.58711,11.22884
3.56163,3.44207,6.58656,8.46382,10.78953,10.64941,10.73554,7.20457,11.84776,11.29659,15.15339,17.63557,20.38102,22.58199,19.56872,19.93569,19.38031,15.28899,10.50145,7.92543,10.77171,9.58355,8.30816,7.74636,9.54253,7.92200,8.45329,7.77364,9.31610,7.86704,7.78279,7.57995,6.94505,8.16342,8.72993,7.07530,6.68497,6.52673,8.97715,7.89579
4.27998,4.37061,11.45789,13.48885,15.05578,15.95277,16.24285,15.06253,18.17652,17.44615,20.40796,23.01510,21.35268,20.57557,16.33179,17.52454,13.25838,12.96039,9.23244,9.13736,10.82151,10.97803,8.94203,8.56161,10.40382,9.46617,6.88380,7.31044,8.04380,5.79933,4.56744,3.79547,2.54510,3.66879,4.64665,3.36950,3.13348,3.12871,5.15230,5.03570
5.64660,5.72763,10.94430,13.89095,19.37791,23.71863,24.20890,22.21212,27.16404,23.07420,27.06369,32.09415,32.90454,31.48406,28.78040,28.41150,24.79557,21.99368,19.39302,16.30649,17.87934,16.67108,15.77116,12.89403,16.60579,14.83176,15.07293,14.41993,15.19558,12.52965,13.23505,11.35010,11.45381,10.79682,11.38317,10.27773,7.56790,7.52455,8.08225,8.48157
4.33866,4.32106,9.01893,10.24214,12.97072,12.02098,14.99949,12.44801,17.23295,14.69836,15.22374,15.36910,13.98330,15.92244,14.98540,16.60566,15.38481,14.12221,12.75119,9.67764,14.75673,13.01450,11.38030,9.49257,11.57302,9.06601,7.42380,7.85309,9.27747,7.38586,7.87134,6.60544,5.28730,5.52590,6.25325,5.65245,4.54374,4.12701,5.28709,5.41039
3.46307,3.29750,6.86094,8.15221,12.14689,12.33381,15.62032,12.88781,18.46901,16.06811,17.41487,17.18775,12.10826,12.73649,11.87520,14.63999,14.62532,13.43479,12.85099,8.91628,15.86974,15.92591,14.00952,14.97849,17.07990,17.08901,17.72474,17.75339,19.05938,17.89522,16.28552,14.28393,12.61826,11.09617,11.47822,11.16417,8.81585,8.95879,7.66869,6.39500
5.47077,5.32155,8.84226,11.88620,16.31638,16.37934,16.49655,14.61567,19.49405,16.10081,18.35318,20.72662,20.13030,19.01035,19.09543,19.30285,18.49138,16.11478,16.07305,12.59524,18.43601,21.09000,18.42923,16.44176,21.25014,19.21881,17.59250,16.35776,17.72383,16.96053,19.88011,18.63562,16.30291,19.18060,21.01671,18.43324,18.65548,16.84404,16.77794,14.45684
4.85005,4.58781,6.98913,9.05967,10.10634,7.78150,9.30480,6.88266,10.08708,10.42835,10.26983,8.28116,9.41007,8.80220,7.30216,10.02993,8.15670,7.52229,6.00651,3.22361,8.88882,7.75069,4.62174,5.26257,5.81950,5.15742,4.89974,5.07094,7.03865,4.18646,4.45113,4.01634,3.04885,2.95705,3.06265,2.44840,1.09942,1.22403,1.96179,1.86000
3.64836,3.50861,6.57438,7.99727,11.00442,10.93302,11.80940,9.12523,13.92359,12.80972,11.92400,10.00019,10.02248,11.91821,10.32294,15.03042,14.50683,13.42492,10.77613,7.58661,16.53097,15.21486,12.69592,12.77394,14.36304,13.45458,13.86010,13.93731,14.93470,13.69012,14.32456,11.99335,12.01408,10.55241,10.50969,10.18949,8.84468,10.14938,8.04736,8.63606
3.98538,3.68871,6.17774,7.71395,9.75866,11.62608,13.14511,9.26845,13.73321,13.13742,14.55081,15.07285,14.10991,13.89678,10.18973,11.99695,10.20649,10.19010,8.94403,6.09190,11.07999,10.57500,8.38059,7.97245,10.12870,9.22435,9.65403,8.66642,10.45370,7.86553,7.74589,8.47521,8.23694,10.61852,10.40778,8.24179,8.54857,7.23789,10.15532,10.55861
20.55534,18.41012,18.80070,21.72021,22.14698,22.52378,26.85406,33.10649,28.86790,22.63393,20.08396,14.03302,6.08269,6.17998,4.88327,6.96406,6.83917,9.10871,9.01431,7.78335,11.67664,9.62115,7.48952,7.10149,7.43824,6.72944,7.07094,7.04448,8.54535,6.36894,7.67382,7.81828,7.87142,8.12491,8.40726,7.08481,7.03081,5.50126,5.13136,2.74357
15.91776,14.49253,12.05125,15.28020,17.28554,25.26579,21.94884,24.90406,26.97625,25.44838,31.90399,36.30516,29.17640,25.58016,19.84924,20.42705,17.81436,19.18126,16.59790,15.05654,15.12832,13.58906,14.04708,12.22437,15.59068,14.32618,17.23170,15.47291,17.78947,16.21813,17.22058,14.11509,12.69708,12.21557,11.41312,11.03405,8.02018,9.31457,9.82960,10.03076
2.82949,2.62766,4.32646,4.54653,6.93509,4.33450,6.66305,3.01394,7.05116,7.40782,6.00734,2.67000,4.30688,4.36512,4.47444,7.66715,6.40079,5.55540,4.32487,0.62519,6.77863,6.03730,1.99980,2.87676,4.10422,2.56347,3.23150,1.76248,4.76958,1.31909,1.84280,2.67977,1.29964,1.80471,2.20298,0.94528,0.71997,0.57428,2.23123,2.43561
12.81979,11.74010,11.49176,14.12596,14.82828,16.99532,19.12863,20.22030,19.94930,18.32891,19.62230,24.33817,21.45712,19.35280,13.74806,15.71681,13.25110,14.73124,11.31686,10.63773,12.29525,13.70977,11.74936,11.15887,12.52808,12.81171,15.04568,13.72761,15.22487,12.46736,11.02630,10.31577,11.21388,8.96266,7.81222,7.76863,5.59133,7.37479,7.45376,7.60334
6.07265,6.16022,10.10894,11.93610,13.83642,12.54142,14.59021,12.25338,13.29765,11.56883,10.31424,8.14668,8.34440,9.24824,8.97678,10.79965,8.84326,7.54859,6.00950,3.92956,8.50825,8.73256,6.85888,7.26662,10.01972,9.07464,11.98910,9.68810,11.45524,9.16048,8.34634,7.20553,7.32703,6.50443,6.67461,6.36633,4.73470,4.42720,5.77242,5.83929
6.21516,5.99644,10.25295,14.54623,17.05679,19.49217,18.38409,18.33878,20.32338,16.85823,13.31219,10.11073,8.84304,12.86134,14.62593,16.61927,16.27652,14.28781,15.54703,8.76781,17.55002,15.79288,13.63414,11.74735,13.51692,13.06685,13.60891,13.26917,15.09486,14.40053,14.62090,13.79407,11.99639,14.26275,13.94874,12.07047,12.35230,12.78039,12.61617,14.13509
6.18477,5.96748,5.92630,8.75188,9.63190,8.38134,10.79960,8.39477,9.77679,9.36227,9.69952,8.68384,11.54568,13.81123,16.13209,16.87284,15.55148,12.91950,11.60619,6.21265,12.17035,10.00558,7.01925,6.64529,8.10593,7.14882,5.27954,5.00746,7.17274,4.69360,4.44394,4.33974,2.15476,2.73338,3.11090,2.03873,2.10188,2.00986,2.99939,2.87869
4.52099,4.46251,9.88354,11.38959,13.66295,13.31732,13.25909,9.60754,12.83992,12.16630,11.86296,9.17762,8.34058,10.03431,7.68436,10.98622,9.10427,8.60240,6.98988,4.80370,10.14425,9.53967,7.26025,7.68485,8.25645,8.33423,7.47902,8.04053,8.63148,6.99103,4.83045,4.89338,5.03982,7.61286,6.94353,5.10573,5.19923,5.71892,7.44278,8.26185
6.70447,6.54558,8.17819,11.02953,12.20180,11.94909,12.52524,11.84021,14.17687,14.29753,13.12248,13.07711,10.56888,10.91739,8.43038,10.55218,8.10493,8.48574,10.33620,7.18433,13.97800,13.74092,10.32545,8.45844,11.77020,10.31876,12.16462,8.29634,11.27390,8.46175,8.05808,7.54100,7.40136,5.96570,4.95366,4.59673,3.26231,3.66182,5.04452,5.34357
4.89384,4.82733,6.27417,8.23367,10.17731,9.43132,11.21879,6.56493,9.37855,7.47842,8.69224,5.85161,5.57457,10.37669,13.04232,15.50146,13.97666,11.55608,9.17965,5.14942,9.45469,6.88174,6.86007,8.98225,10.36565,11.19084,11.27043,10.48363,11.49783,8.99474,7.43950,7.04848,3.67672,2.01580,4.55738,4.68226,2.21324,1.01987,1.81442,1.75369
5.18294,4.99403,7.28002,9.26377,11.00915,10.31017,12.35659,10.40061,14.56906,14.34566,15.01238,17.37072,18.03998,20.22624,18.95181,20.14246,18.54298,16.65034,14.38661,11.10412,17.00590,15.13807,12.89337,12.06108,14.19310,12.57259,10.38282,10.73859,11.68136,8.75098,9.32088,6.32822,5.75775,5.04768,5.12047,5.06387,4.00290,4.71328,5.85555,6.15763
5.89839,5.65088,7.05090,7.73304,8.71940,8.04881,12.22993,8.94357,11.76275,11.32506,11.46356,9.93188,11.12155,10.25852,7.90149,9.77422,7.46961,7.18256,5.79463,3.67473,8.66384,9.46280,6.35556,7.31982,8.92703,8.60059,11.36883,8.61941,10.75677,7.92855,7.39523,7.82793,8.07600,9.28986,8.80951,6.97347,7.27511,7.34801,7.80459,7.68477
14.05844,13.33235,12.83428,19.44624,21.02496,21.27304,23.85478,26.18026,23.88284,21.86893,25.98394,29.98833,30.00843,27.29229,24.65795,24.12712,22.66093,21.07566,18.89362,14.83833,15.40755,14.64028,16.35221,14.09489,13.82374,13.07648,9.89498,13.94145,12.52594,13.29789,9.89540,10.12967,9.85979,6.92501,7.03814,8.55428,5.26911,5.26952,5.71163,4.51560
7.04307,6.97453,12.33741,14.10789,17.35506,19.11827,19.64940,19.14515,22.22227,18.36335,19.19499,20.03032,14.44908,12.50575,8.20808,9.85613,7.81528,10.19860,7.49546,7.90494,8.77145,9.36949,6.29752,5.86861,7.32515,5.33711,5.40451,3.89430,6.80488,3.86301,5.39013,4.79775,3.44163,2.93396,4.25312,3.47609,3.55850,2.68142,4.89214,5.78834
9.20048,9.01627,11.86143,13.39690,15.52613,16.52844,18.08548,16.24834,15.72469,13.01032,13.36986,12.30540,11.78392,13.12362,9.70449,12.19355,10.96061,10.04264,8.17471,5.21860,9.14969,6.77835,5.14168,5.58120,6.73442,5.47816,7.40902,5.32459,7.98979,4.54934,4.41793,4.67330,4.88388,4.39048,4.83557,3.78897,3.18565,2.69202,4.32392,4.19295
14.77019,13.95258,13.73283,17.07063,16.67380,21.84578,22.42440,24.70139,25.58348,23.91279,28.89506,36.83792,31.86068,27.43459,21.13049,22.11139,18.97845,20.42421,15.39431,15.27984,13.54868,14.92042,14.79624,13.50048,15.25165,15.49477,13.51168,15.73303,14.66157,14.32708,10.99452,8.23733,7.92435,6.50778,7.49355,7.36468,6.13289,6.05269,6.60903,7.45808
5.22582,4.68394,6.32624,6.94414,9.20584,9.26288,11.92145,9.11029,13.78885,12.45500,12.61504,11.45729,11.05888,10.43513,8.09859,10.78483,9.80181,9.92045,9.30199,5.77917,12.69277,11.01360,7.76954,8.06049,8.55091,6.58620,4.50039,4.97848,6.77990,4.07966,4.65487,4.15421,3.75499,3.94257,4.05994,3.08424,2.58604,2.47378,3.90920,3.42174
8.73910,8.22564,6.64430,9.95702,11.03334,10.82350,13.84468,12.13294,14.81468,14.00728,15.12843,14.19110,10.63735,10.00911,8.34928,10.65516,9.26837,9.90972,9.62317,7.04513,13.75724,14.88941,11.45873,11.72255,13.18673,11.67830,10.22380,10.66879,10.99139,8.65357,7.95616,5.58410,5.33502,4.05639,5.69914,5.57174,3.29804,2.41667,4.61836,4.02206
6.99488,6.60286,10.69048,13.77863,14.89234,15.33357,16.06894,15.80008,17.44456,15.37824,13.85369,12.14267,10.71160,13.96038,13.37036,15.48658,16.31812,16.32576,18.79322,13.96179,25.58461,27.80580,23.92375,19.93725,21.14820,17.74676,13.21738,13.71135,12.00735,10.32796,8.94676,8.45078,10.06347,9.83965,9.31883,8.17526,6.37612,6.41251,7.90842,6.72267
11.73132,11.36987,11.28394,13.85495,13.28003,14.17792,15.20088,14.13550,13.13430,11.49974,12.30369,13.11588,12.41938,14.34001,13.17303,15.43273,14.36628,13.45129,12.05708,9.79157,15.71600,15.60627,12.32879,10.91029,12.31431,10.15575,6.44317,7.15858,7.69697,6.18884,5.78103,5.16008,4.71753,4.95253,5.72481,4.98761,6.11065,6.46314,6.99269,7.13522
8.52587,8.32073,8.74737,10.41083,10.34733,10.02814,12.79173,10.94295,11.95418,10.83223,11.38686,9.23013,6.79998,8.29960,7.14580,10.82180,10.60864,9.92854,6.99912,5.45115,11.83084,11.30572,8.21826,8.74130,9.90702,8.07287,5.20379,5.82773,6.20586,3.65375,4.20960,3.44679,2.79979,4.53611,5.16748,3.68233,4.09215,3.37003,4.13118,3.59978
5.10976,4.96446,11.79544,14.61516,18.17708,22.86864,19.81321,16.78436,19.17488,14.39036,12.86867,8.58960,7.61125,10.13338,10.67520,12.18714,11.43440,11.48033,12.48407,7.77792,15.28662,17.88640,14.98749,13.10926,14.28145,14.46708,14.07946,13.53224,13.41766,10.37574,7.00984,7.58825,9.97834,6.37180,6.09096,6.56582,5.34261,3.96243,5.06478,4.91475
17.23276,17.03584,10.99564,16.83102,18.46838,16.18359,18.84531,20.54993,16.99892,15.65665,18.79163,19.68819,16.67905,16.20843,16.06839,17.53297,15.27486,15.67914,12.75138,10.82375,14.18432,15.06238,12.41850,11.25335,12.20084,10.87167,8.16067,8.55282,8.97025,6.42705,4.88032,5.15223,5.10542,5.72250,7.15249,5.34862,5.09366,3.57717,6.17390,6.12869
8.99494,8.97546,11.53959,15.02446,14.70453,16.73381,17.91498,16.68737,16.71140,14.82371,15.76925,15.77513,15.92468,16.50751,12.72999,14.19140,11.76494,11.90469,10.25036,8.15606,12.79621,13.48271,11.75386,10.98489,13.17369,11.92421,7.00082,9.15802,8.03070,7.06004,4.67172,3.19016,2.25313,3.97361,5.11854,3.67259,3.60268,3.37520,4.82698,5.18566
11.23403,10.53622,9.61924,12.52723,9.62045,7.33630,8.27084,11.33179,9.57943,11.90149,13.42438,14.08436,16.15725,16.68086,15.16613,16.25337,14.00577,12.21862,9.67583,6.64365,12.43503,11.26278,8.47427,7.85802,8.19915,6.76214,7.67506,5.72658,7.63725,5.00256,4.29946,5.39986,6.39988,5.44286,4.32585,3.81823,3.52121,3.52874,3.92586,3.33324
10.66630,10.60987,13.57558,16.54265,20.15449,23.66045,23.05178,21.79130,20.13564,15.79750,15.99634,13.23145,9.37103,13.00055,11.95472,14.24695,13.37251,13.13809,12.73458,10.10098,14.49562,13.76701,13.41859,11.17844,14.05980,13.21849,13.15380,13.81569,13.55210,11.91803,9.57243,7.51924,8.62867,7.09549,7.66573,7.31485,5.54984,5.90253,7.90633,9.35508
3.87368,3.55219,5.00959,4.94644,6.09109,5.96791,8.61145,4.32054,9.17598,8.95132,9.59143,6.13711,7.63014,7.30828,7.86653,9.63583,8.49572,7.40708,5.44518,1.97549,7.75357,7.24139,3.84503,4.94403,5.64794,4.41614,4.90279,3.87704,7.02108,4.16215,4.64826,5.08598,3.06853,7.61110,5.64025,3.93972,4.45376,4.92543,6.48044,6.19249
13.11820,13.44167,18.87065,23.89110,25.80378,39.20197,35.36017,38.48506,40.81224,36.94336,52.20815,69.14893,66.49288,65.23894,54.19239,55.74121,50.80670,51.45310,40.37581,37.70081,35.39177,34.72658,36.27628,31.29235,33.44995,32.14644,33.12274,34.61536,34.54260,35.80980,34.91859,28.89836,28.76013,32.79687,33.10766,30.51627,29.69015,28.94366,31.61943,33.03343
10.66610,9.91583,14.39832,20.47124,21.42680,27.27385,26.06098,26.43254,27.59299,24.96931,29.01535,34.44261,32.68016,33.74304,29.95436,31.34286,29.32534,28.80297,25.50166,21.51293,25.99872,25.38788,25.66049,22.71021,24.43158,23.29980,18.32093,22.43099,21.04619,21.01919,20.32903,18.89710,16.27326,15.64925,17.51187,17.14613,14.83507,13.48228,12.18883,12.35080
8.89423,8.42361,16.94000,20.73872,24.99529,30.79300,30.47548,31.41241,36.24520,32.11172,34.15344,36.85806,33.59553,32.39347,26.52658,25.06663,19.09035,19.96251,17.51047,19.11056,16.79565,19.67087,20.40159,16.63378,18.96289,19.55019,19.36553,19.79865,19.11399,20.39570,15.88978,16.83161,15.50402,18.04619,17.28580,14.42002,13.67437,14.28229,13.99931,13.61447
10.39204,10.55079,14.65706,17.59826,17.55685,17.97031,18.43951,19.50174,16.50749,13.52692,12.76315,9.76371,10.62798,14.88059,11.71013,14.25551,12.83679,12.47350,12.09250,8.94018,15.75781,15.91077,14.11947,13.01299,14.70417,14.39873,13.27294,13.60617,14.51991,13.96030,11.93972,12.90417,11.07054,13.35416,12.66709,10.15841,10.43816,9.21474,10.38798,10.84580
9.87628,9.79521,12.52227,15.84702,18.96051,24.01388,23.70875,22.37373,23.00101,18.47781,20.26319,18.99634,15.08994,15.92139,12.17252,14.87501,13.77547,16.21946,14.60330,11.80913,15.72241,16.60999,14.95616,13.83885,13.50100,11.53341,7.21210,10.77250,10.10488,8.30702,6.84094,6.51314,5.57644,6.12432,7.71644,6.59470,5.44085,4.49762,6.73718,5.16599
11.30951,10.47834,11.08756,14.97930,15.51717,16.34054,18.13116,16.46167,15.05235,13.81573,16.80717,15.26391,14.56272,16.25530,13.31727,15.76084,13.85409,14.49833,11.43567,9.22110,14.26245,13.52032,11.66592,12.48131,13.10888,11.02390,9.57837,9.51483,10.83347,9.20864,8.40982,7.22346,6.50064,8.01013,8.48697,6.79777,7.24965,6.27197,8.85779,7.95228
10.75421,10.45873,13.36509,15.30408,15.43094,16.14528,16.35579,16.46567,15.40185,14.04111,16.01018,17.43189,17.47473,20.90915,18.33072,19.55693,17.26234,15.91486,15.98576,11.61158,17.63253,16.16169,15.04552,11.69970,13.67500,12.14685,10.68625,12.08104,12.83528,11.23907,10.85615,10.19114,8.46613,10.63927,11.08126,8.90188,6.94226,5.86061,7.02131,7.90470
11.27348,10.76544,11.67143,14.31509,15.51085,17.15059,20.36506,21.13343,20.41044,18.38574,21.27772,22.92105,19.28440,18.32744,15.55528,17.33130,16.07744,16.26182,13.92941,11.67539,14.61598,15.11744,14.01288,10.94847,11.41472,11.06351,11.48679,12.24456,12.08128,12.20933,9.41524,10.48022,10.52805,8.39362,8.84275,8.61067,6.44226,5.22108,6.38627,5.41139
9.67198,9.53328,13.87482,16.83073,17.33578,28.90417,24.47055,24.54342,29.84104,28.16451,33.53437,40.83474,36.88745,35.06763,27.49311,29.56763,29.86254,30.47455,27.49439,22.99638,27.93065,24.49796,24.87466,22.09739,21.43405,19.19445,14.47986,17.67354,16.39878,17.00639,14.10175,11.48853,10.58538,9.29123,11.05723,10.60451,9.50084,9.51268,9.70458,9.96169
7.37549,7.14579,10.20552,11.66234,12.70991,15.70939,16.58593,15.48938,16.53337,14.79602,14.30489,12.64575,12.89427,16.27518,13.81573,15.18895,12.42311,11.33148,9.80423,7.26126,10.21240,8.38807,7.15628,6.11282,8.64253,7.72533,7.91187,7.65320,9.12928,7.14200,7.37450,6.01670,4.37023,4.67916,5.10602,4.84740,3.34797,3.66615,5.31891,5.28362
6.49278,6.58900,9.86984,14.24924,18.50432,25.38530,23.42692,24.02868,29.58870,27.09295,31.80073,37.91021,35.49882,38.04813,32.81924,33.38311,31.38594,29.09480,28.00351,22.92739,28.93893,25.54440,25.77305,21.23180,23.32373,21.51052,21.01639,19.95061,20.32541,18.91558,16.11462,14.01414,15.74315,13.90173,11.41108,11.43424,9.56413,10.38799,10.27859,11.57198
9.63513,9.19288,13.73951,16.46704,17.14112,19.69876,18.36100,18.27847,16.71005,16.36638,18.54374,22.80353,25.96780,28.40498,26.05474,26.75554,25.17046,23.14570,18.56269,14.90274,18.50300,17.71301,17.64128,16.67803,16.24623,15.89454,11.16115,16.33771,14.13360,14.28198,11.86653,8.92807,8.78207,8.73979,9.91005,9.27430,6.73901,8.10206,7.24290,7.35472
16.47258,17.71178,24.62348,31.32247,34.03075,39.66701,36.24519,42.64476,36.95617,32.08211,41.52810,53.23644,56.40391,59.50026,52.01137,53.08833,50.03687,47.44403,36.51331,36.58265,31.86838,26.91926,29.43160,22.13591,24.74028,19.99551,18.55971,18.43251,19.60045,19.98773,22.16266,17.65579,17.35696,14.41851,13.99766,14.28344,13.03099,13.11375,11.82768,12.71694
15.17640,13.73703,15.06560,20.09931,19.19642,20.57311,22.78188,25.95804,21.50033,20.01316,22.68227,31.15226,31.61784,35.18534,36.00064,36.57502,36.70920,32.20878,28.84896,21.60561,24.59892,21.82719,21.31369,18.92891,19.14669,18.60450,18.44268,18.85825,18.57388,17.39914,14.40858,11.34957,11.34165,9.51895,10.01035,10.20225,9.75916,10.17774,13.71812,15.27741
12.45315,12.29375,13.90925,17.70627,19.38543,20.96276,20.51566,20.42689,18.13303,15.18600,17.51191,19.57922,22.60839,26.30218,25.30928,25.57196,23.94273,20.54658,20.02738,15.13968,19.67697,16.73322,16.36077,13.50012,17.25603,15.51067,14.57368,13.92447,14.67558,13.16508,13.02523,9.36141,10.04199,7.54299,7.32004,7.63709,5.14821,6.71076,7.23394,8.25518
13.29586,12.23783,11.57713,18.17792,20.61768,27.54809,27.16686,30.62470,32.10487,30.57192,34.83313,42.27925,38.38262,35.62112,29.04944,28.85419,24.28965,26.96043,22.27279,22.04212,21.87895,21.77562,21.48221,18.22455,19.72503,17.47623,15.16634,16.65650,17.20919,16.05507,15.85879,13.40119,13.57468,12.71171,13.73081,13.09262,12.11684,11.62302,11.84546,12.81042
8.95850,8.00860,8.89401,12.21756,15.86975,16.54539,20.71087,20.26744,22.34375,17.97246,21.32603,21.68663,21.13170,20.67482,16.21784,17.86392,16.30290,16.30421,13.47285,11.23685,14.24462,15.41478,13.79441,11.75057,13.30175,10.91275,7.89528,8.75900,9.10606,7.26367,6.63598,6.51723,6.56189,5.46024,6.79343,6.04042,6.40091,5.84915,7.19956,7.24278
13.51019,12.38817,14.29487,18.14774,17.66994,22.52392,23.69067,27.36762,25.76730,25.07347,25.92374,28.66519,25.78335,24.89989,20.02851,19.57701,15.36741,16.22383,15.61734,13.39495,16.21054,14.48012,13.62892,11.31581,13.69383,12.44927,13.71543,12.14911,13.60659,11.41978,10.95287,10.08400,10.32638,8.25478,8.89705,8.37362,7.59766,6.84480,8.08974,8.52433
9.55148,9.52148,15.86249,20.31560,24.75810,27.99557,26.17536,27.28424,26.16624,22.43123,23.42953,26.91913,26.19589,27.54674,25.58960,28.77572,29.79061,27.79656,24.56907,20.18779,27.69034,26.25634,25.58554,25.14864,24.40959,24.29204,20.11371,25.03701,22.58896,22.03420,19.84998,16.50686,17.22930,16.09501,15.18921,15.19906,13.06067,15.23358,12.84706,11.93968
6.83190,6.85940,13.25561,18.62329,21.13717,23.07990,23.67919,24.28626,26.70422,23.15083,24.81558,26.34210,22.50009,23.86520,18.26920,20.66305,17.25819,17.73531,12.99252,13.69128,14.35894,16.06174,15.18477,13.87994,14.99858,14.68518,12.44308,14.58648,13.04552,11.66101,9.88179,7.90214,8.21085,9.48758,10.57377,9.25493,6.87737,7.34144,8.48916,8.13711
30.80436,29.29801,33.60716,42.79343,43.69811,49.71230,49.80212,65.13226,51.38221,47.39923,48.98091,54.42866,56.48387,61.20275,49.79387,46.58765,41.56484,40.30403,33.91105,35.19070,30.20503,24.58718,30.54229,24.90489,27.12029,25.28614,21.05645,24.22574,21.08519,21.04625,18.56175,16.87337,17.40905,16.21301,17.53068,16.90370,15.24546,14.64881,13.22499,10.83329
11.29896,11.06132,17.60032,24.44876,26.58993,30.01211,29.23553,32.01264,32.41439,27.59943,28.43470,30.62122,23.97814,22.76546,16.14398,15.58820,11.68223,15.01352,10.29392,14.14643,12.70269,16.28182,15.78109,13.95164,15.41340,14.74958,16.20087,15.35850,15.27696,15.49746,12.04755,12.25708,11.55966,11.61662,11.24865,9.92219,7.48194,7.99900,6.45898,5.71816
13.87960,12.94067,19.68340,24.99538,27.69184,32.13109,30.37184,36.45132,37.10216,34.01646,38.12815,46.53373,39.96041,36.30481,25.74923,25.17081,20.00236,23.71830,19.39483,22.93165,22.75866,22.98266,22.80817,19.81504,21.07315,18.42715,13.81591,14.51951,12.85792,12.56644,9.06715,8.84291,10.98116,9.71163,10.28959,9.16385,9.04548,7.62344,8.46809,7.67888
11.01649,10.97309,19.52244,22.66670,23.99553,24.86061,31.29203,39.39915,43.47012,41.31459,45.90341,60.47841,56.59528,54.68699,41.70390,39.82354,31.98675,30.86396,26.33971,29.56631,29.08803,29.00647,29.77522,25.40714,27.76838,25.35327,18.97965,20.26409,18.92109,19.02105,16.37392,15.39352,15.06005,13.64608,12.02199,11.80530,11.25157,11.87901,11.15386,10.21408
17.21547,16.72265,20.18822,24.09688,26.16631,31.04545,27.19746,28.56230,22.96097,15.45984,17.13680,15.05060,9.03822,9.83792,12.98975,16.44782,20.70554,21.54767,22.85951,15.43913,24.86634,22.18032,18.54954,16.47764,17.39269,15.22851,12.43620,12.97759,14.82141,13.01106,14.91350,14.43778,12.77394,13.32887,13.19403,11.97814,12.31996,11.67631,12.75052,11.48571
10.54328,10.03388,17.31805,21.65558,22.28662,23.24259,21.99862,24.26509,21.75825,16.34627,12.67758,6.45936,3.95502,8.09292,8.17667,12.69804,12.49656,11.71651,11.60221,7.83933,15.46429,13.39936,13.22135,12.96653,15.21139,13.95808,14.04492,14.55369,15.55904,14.13375,14.54559,12.60270,11.39843,13.54150,14.80468,13.06831,14.92797,15.07612,14.00983,13.08018
14.43121,13.79075,20.75214,25.52967,29.55115,31.70698,30.95145,34.24571,30.34700,21.72149,17.41677,12.47707,7.62755,10.06756,13.78348,14.65313,18.26094,19.05428,21.26558,15.29819,24.18042,24.00147,22.98894,18.79546,21.98921,19.02722,15.69559,16.93481,17.15098,17.51921,16.34981,15.70764,14.91238,15.30495,14.54205,13.55310,12.92815,12.86039,12.70015,10.38206
69.25636,64.38538,57.14154,64.78178,66.87709,68.24116,78.75392,106.56725,70.38735,54.52821,59.73494,48.33646,30.15129,29.75211,37.89145,35.16665,38.25136,45.95919,41.20775,40.16954,45.15463,47.95858,48.80833,44.10936,48.37952,43.33813,37.65011,37.83232,36.06411,37.64637,36.35862,32.09192,34.14489,23.77130,28.75874,31.26761,28.98619,24.66542,22.41008,16.25983
23.39794,22.10465,23.44338,30.27436,31.96444,35.61509,35.84750,43.04364,36.49146,30.52028,32.64121,35.54770,30.85419,31.84402,27.20677,27.26685,23.96193,25.86843,22.09973,22.35801,20.57207,18.91598,19.77215,15.37700,19.00407,17.08992,14.70133,15.09905,15.38997,13.89005,13.56194,11.98749,11.83501,12.51486,13.30895,11.23980,12.15361,10.79331,9.74186,12.21816
6.94554,7.87380,13.11216,15.20420,17.38573,29.32468,23.50292,20.94948,26.18320,22.22925,28.99538,33.85389,28.71520,24.29289,17.27821,18.12302,14.13247,17.22300,10.78760,12.67728,10.31843,10.99832,10.31750,10.27269,11.60646,9.96779,8.65030,9.46263,10.50888,8.51481,7.07705,6.05496,6.39397,5.79971,5.93625,5.56485,4.81589,5.37089,5.71901,6.49399
5.34832,5.04127,7.40700,11.57113,15.58756,17.53578,16.70559,15.10820,20.27658,18.74667,21.60832,25.51767,24.16455,21.91155,18.64984,19.40694,16.37676,16.11849,14.36324,12.49478,18.36144,21.98056,19.39894,17.44569,20.21453,19.09657,17.32277,17.81867,16.84763,14.90400,14.87448,13.43221,14.57124,15.02467,14.98838,13.43126,11.91717,12.95951,11.14701,11.00965
13.28406,12.35427,14.79840,22.32318,30.07281,46.43375,37.63748,41.04129,51.27517,48.03942,61.71822,69.77354,63.34467,53.23861,42.95742,40.64293,36.24908,37.85294,28.92596,31.82131,28.16958,28.09082,30.71544,27.66979,30.66059,29.19457,23.39058,27.60538,23.83950,25.48316,22.53789,13.55726,13.82806,9.61057,14.19381,15.74092,11.68015,13.08671,14.37301,15.94518
87.03113,84.39659,81.60179,107.04923,114.76735,131.51443,129.70914,160.35420,108.70460,85.08617,79.90520,61.91402,39.69467,41.60744,42.47230,34.84499,32.27815,42.96407,41.09748,48.72660,45.79148,56.17752,62.14757,52.64920,61.29922,62.34241,51.51018,58.09583,47.94547,49.87390,37.19957,31.50741,35.87421,25.37405,26.00621,29.15731,23.12809,19.44886,17.94666,18.87848
19.25624,17.88994,20.47023,27.71133,28.28326,31.41704,29.33398,34.10759,26.94832,21.61338,22.57562,20.99640,13.04746,14.26156,11.99870,14.17513,14.68168,18.09067,15.47494,14.90082,17.01940,18.89378,17.38536,14.45962,15.62791,14.07420,14.30447,15.11095,14.49260,14.49857,12.90574,9.82520,9.67835,5.91008,8.01565,9.29556,6.08120,5.69422,8.47776,8.40831
21.66407,20.93343,21.38569,26.64931,27.46525,29.98284,30.55088,37.10844,28.14366,23.40845,22.24936,19.68921,12.82789,13.87210,14.39129,15.71362,14.02978,16.00251,14.07846,13.66822,17.05742,20.75963,19.07486,19.95073,19.66836,18.57701,14.43329,17.59553,15.46236,15.26071,12.10380,9.74817,8.37669,10.42375,13.14817,12.29893,14.17301,12.63092,15.43077,15.46748
23.72997,23.03993,24.96988,29.35539,28.25996,32.69350,38.03312,46.81156,36.60981,30.72172,32.01445,30.94548,19.90703,22.18046,17.25766,16.87246,13.20670,19.01584,16.00325,18.65985,16.86704,19.85844,20.11238,15.92085,19.97391,20.40143,23.07065,22.01553,22.15196,22.57162,21.54299,20.74959,21.23130,18.53645,19.09082,18.10372,15.41723,16.64992,9.90819,7.46268
22.42869,20.91073,18.03366,26.77597,24.78708,24.14037,28.16030,29.81754,21.31712,15.17211,19.19447,15.65544,13.44107,18.71278,19.71793,20.17980,19.23081,18.56297,17.60645,13.57362,18.39178,19.59660,18.60704,15.98237,18.73927,18.51240,20.66017,19.60625,21.23864,18.50098,18.43122,18.58683,20.22532,19.48734,17.32621,16.75309,14.79398,15.25710,14.06713,10.91214
11.53973,11.41824,18.77156,25.06450,27.39572,29.95945,29.68265,29.94045,28.47926,23.45417,26.57637,28.59848,30.61850,32.44902,28.42794,28.12949,25.27562,23.02678,17.49469,17.43552,17.46063,19.15790,20.60072,17.22109,19.74693,19.11762,21.34794,20.54400,20.88981,22.56877,21.45998,23.01913,23.60128,29.06620,26.18247,23.16843,24.29567,22.52181,22.90552,19.89553
4.58509,4.59477,10.58988,12.56447,14.99930,15.33608,15.82164,13.72025,16.19586,13.40170,12.45603,10.27336,9.17333,10.92538,9.33899,11.48902,9.86273,8.70740,8.37841,5.96384,11.14249,11.22567,8.50593,6.80107,8.48602,7.02946,6.32382,5.63882,6.93241,5.03737,4.38126,4.49391,4.23505,4.39789,4.68777,3.74984,3.55906,3.43289,3.71775,4.47056
10.11691,9.63218,13.00647,19.05620,21.73161,25.18664,25.50591,26.60557,27.12676,22.32977,22.95368,25.73194,21.22907,20.45947,14.27177,16.20468,13.73920,16.60087,13.30678,13.05727,15.81346,16.05268,13.81447,13.29324,15.63908,13.58206,9.71187,10.22593,12.03373,9.99221,10.44112,10.88715,8.52289,10.96966,10.36963,9.14295,10.63832,12.01208,10.95252,10.50900
20.60707,20.64991,24.88509,29.38024,28.59098,32.53886,33.88139,41.20019,30.78157,28.64651,32.30063,40.80790,45.89816,46.83718,44.50391,42.92334,41.89750,39.23574,34.51477,29.18744,33.10101,36.40361,38.26765,34.02985,36.65052,37.58525,42.70226,39.53973,40.09347,42.23767,36.81327,36.06530,36.30423,32.98083,29.59023,28.31063,25.42385,25.56553,20.45211,17.26325
10.63612,10.55842,15.34655,18.51929,19.11397,20.63815,20.56587,23.86452,21.95616,21.05543,22.24288,25.18950,26.31438,23.91769,18.82765,18.48417,14.54338,15.14424,13.11163,11.66777,13.69949,14.76983,14.08027,11.47179,14.18228,11.93865,10.56580,10.40927,10.80007,9.48344,8.54974,8.31731,9.58836,8.87447,9.07206,8.18336,9.13391,8.84992,9.28810,9.98986
6.62741,7.28148,14.60219,19.79516,24.25896,37.16753,30.97215,27.23414,33.43044,30.00943,35.32457,43.49085,39.84557,39.99638,34.50404,34.40272,32.85859,30.30129,25.26674,22.82962,20.02891,17.58187,18.99355,15.18318,17.67107,16.76868,17.00879,18.27805,19.89159,20.61750,19.69387,17.48549,13.77488,18.75427,18.21762,15.32999,13.00845,13.16410,15.59366,17.24134
2.49547,2.30545,6.40257,6.87130,7.69766,5.85669,7.53035,3.03985,8.10688,7.88772,5.87761,4.78003,3.62707,5.31507,4.75573,7.84166,6.51081,5.39017,4.02524,0.35724,6.54930,5.41829,1.50948,2.45938,4.16548,2.63040,4.73455,1.71291,4.40179,1.36257,1.56434,1.62309,0.29004,0.79487,2.06772,0.68105,0.54917,0.22913,2.04977,2.11939
15.64183,14.36792,11.92740,15.60380,14.92792,15.21959,21.50997,23.89894,20.88763,18.41378,19.28601,18.87958,15.15058,16.06153,12.87769,13.63337,12.20393,12.92500,13.05952,9.95207,13.76747,12.71372,11.71905,9.82179,12.50226,10.42372,7.48309,7.61444,8.38347,6.35250,4.81235,4.54344,3.50171,2.57460,3.22004,2.82566,1.98305,1.86193,3.72535,3.47687
53.51970,50.13122,48.97228,58.65828,50.95512,53.82869,56.74832,71.64471,39.02452,34.43809,37.10633,33.98417,28.63660,34.22088,26.96519,24.68920,18.74670,23.22690,18.21597,21.76886,15.95290,13.48276,15.45330,11.92519,14.49881,12.78299,10.96296,10.97964,11.27741,11.13638,8.66137,8.36846,7.58828,8.45037,8.98887,7.13853,6.59357,5.56438,7.06903,7.11406
19.71233,18.73502,18.10823,23.29501,21.70571,23.45203,25.27213,28.85514,24.26841,21.88678,24.92557,28.83356,25.08289,23.22526,17.36485,17.76857,14.17110,15.57961,12.46531,13.76106,13.50331,14.03276,12.69214,12.71989,16.16931,14.55641,10.82561,10.76273,11.44814,8.43830,8.14910,7.06816,6.08941,5.54135,6.19245,5.85165,5.70214,5.60240,5.93978,6.38052
53.35763,50.13675,45.20100,57.40131,55.07533,61.40221,63.80169,81.63798,54.32410,46.06907,43.95981,34.07300,23.96785,27.51728,24.40006,20.56063,15.33312,22.12128,20.63012,24.56905,23.01961,26.44248,26.81767,21.67761,23.32906,21.40026,13.13880,18.29271,13.99203,13.94322,9.60773,6.58854,6.32809,5.59534,6.97725,7.06813,6.06201,6.60101,7.24250,7.64283
37.98283,35.99136,34.20310,39.07984,35.19301,39.66700,44.34360,55.16955,37.82567,31.78190,36.05682,32.55275,25.89566,27.62905,23.13597,22.00739,18.97215,23.84179,19.25269,20.86362,19.14265,18.03245,18.83767,16.06284,17.52756,15.97165,10.14178,14.30289,13.27939,11.96377,11.63379,9.18804,7.54816,11.23414,13.06639,10.98306,9.62058,8.87701,12.13829,12.35714
49.37849,45.74963,38.08308,48.62973,45.49521,52.09180,58.00213,75.58784,53.15828,47.83028,49.94748,49.00394,37.19600,39.84704,28.23095,24.61829,18.87075,26.45660,23.53304,28.13453,26.31494,25.90417,27.63733,21.47824,26.12168,21.36977,15.62895,17.87915,15.26765,14.70649,14.59017,10.64951,12.65743,11.32363,11.47004,11.32400,9.40381,10.29282,10.07975,11.11695
40.84335,38.03765,32.56015,42.77289,38.12952,36.91772,40.33176,51.85273,30.23005,24.96776,27.36947,27.23063,21.56962,26.87066,26.98907,26.65009,26.98018,27.43913,27.07266,23.69564,27.36165,25.46592,24.27427,18.36841,19.46331,16.48713,11.85495,12.48622,11.36904,11.80060,10.28794,7.82428,7.98329,8.53043,9.36807,8.49559,8.92223,8.23645,10.58388,9.41719
29.07634,26.68167,19.56071,24.64504,20.25491,22.22137,27.33637,35.55025,24.73924,22.37595,26.49462,28.43545,24.77879,27.17456,22.83169,24.03690,23.70682,23.41322,20.63654,18.98870,20.71276,20.35266,20.02676,15.57866,17.51026,16.51331,12.30762,16.32641,13.82676,13.57703,12.80169,9.81818,9.20368,5.00308,7.25347,8.91727,4.74513,3.70543,2.36013,1.84251
36.95655,33.05108,29.24091,39.65871,34.43875,33.25867,38.00581,46.75924,25.76029,21.16673,23.42893,19.90364,16.04561,23.01342,22.62278,22.78919,19.43764,20.61161,18.43111,17.54688,16.72354,15.39335,15.95433,12.53971,14.51861,13.77080,13.46923,13.34605,14.13599,12.94471,10.35441,10.51374,10.03555,10.88206,11.51818,9.63652,8.61497,6.93672,10.33212,8.84312
17.37151,15.62975,12.61069,17.30745,18.75696,22.12736,25.16795,30.52770,31.01410,28.89815,31.46019,37.34791,31.28238,28.33914,22.39654,21.84737,18.75735,19.76374,17.80398,16.51916,16.92715,14.62156,14.65962,11.64017,12.87426,10.64761,8.41397,9.20957,9.68207,7.55926,7.17521,5.80106,5.18722,3.80093,4.28553,4.86926,3.87955,4.83457,6.01140,6.27427
25.46716,23.31449,19.44953,25.73665,25.93395,27.98003,29.79618,36.58642,27.70999,23.50617,25.66408,24.87769,19.93901,23.02763,19.29897,20.54254,16.38620,17.60947,15.96735,16.19075,16.76499,15.11338,15.13361,12.31116,14.82253,13.73775,11.69374,13.24776,12.66259,11.04462,8.81800,5.71931,6.55920,4.01474,4.71635,5.27973,3.37196,4.10707,5.15608,4.88456
25.05544,22.25008,15.57968,22.75305,23.35351,27.03884,31.17384,35.44127,29.07698,25.45434,26.05675,24.59617,17.34472,19.39425,14.80686,14.87340,11.01384,13.62324,13.17525,12.73030,14.22843,12.76513,12.34749,10.06516,13.52206,11.98139,9.11210,9.46666,9.68353,8.22429,7.16705,5.67452,4.33488,3.74584,6.23464,5.50181,5.10039,4.46122,6.58310,8.51282
17.31537,15.98947,16.37655,23.43135,24.87429,28.26152,25.21109,25.67667,18.77297,14.51168,14.06716,12.10920,9.69402,14.42287,11.84618,13.46643,12.08772,11.59327,10.11011,7.72501,9.82187,7.04955,6.27012,4.91848,7.14795,6.24970,9.39507,7.09013,9.19176,5.44655,4.97523,4.62062,6.11603,3.93385,3.71243,3.70262,1.88146,1.76945,3.09568,3.46925
15.39931,14.82101,14.90878,22.47781,22.68275,20.51081,20.20009,23.40971,18.13525,16.34558,15.56829,15.09986,14.30050,18.61850,14.82499,16.36353,13.64905,12.46480,11.55956,10.23878,14.12438,13.23127,12.44528,10.24079,13.21452,10.85636,8.22078,8.76640,8.42294,6.37806,4.99286,4.20184,4.54122,3.95412,5.67661,4.82909,4.79969,4.16573,5.83779,6.09981
46.97231,43.37259,37.92742,45.03286,39.33924,47.55325,51.36831,65.04276,40.82256,33.31621,34.29625,29.79037,20.93466,24.10961,17.79311,18.33505,19.49357,25.46460,17.26475,19.82274,18.94514,15.02964,14.12679,15.77694,13.43776,11.52889,9.99521,10.85931,11.99248,10.17766,10.46093,7.57895,6.51486,6.20950,6.33840,6.39652,3.96838,5.27576,5.14330,5.25266
32.58076,30.68824,28.94200,32.56406,31.13818,36.49477,42.01350,54.05692,40.12512,35.94252,38.11965,38.66952,28.59956,28.15825,18.04940,17.62332,9.71882,18.45899,12.46077,18.84059,13.82958,16.01372,16.36945,14.35072,15.79022,14.94934,12.09159,13.13615,11.86104,11.61311,6.67636,7.04032,7.07896,6.16341,7.46061,5.50975,5.47558,5.08388,6.12542,6.13754
22.08072,20.05444,17.20557,22.62527,23.92326,26.53939,30.67112,34.86074,27.94753,23.20946,25.53503,28.79769,26.35710,28.89776,22.83195,23.58742,22.20128,21.93515,17.83197,17.44884,14.06153,11.67004,12.47133,9.73691,11.38435,8.80057,8.23565,8.67177,9.63311,6.89005,7.03377,5.73870,6.30935,4.94750,5.97515,5.50837,4.15724,4.18586,5.49852,7.75853
18.51008,17.61658,18.89091,23.21386,20.85231,19.56471,21.42591,24.29231,16.11943,12.65300,12.87203,9.30284,7.14432,9.63159,8.11610,10.94137,9.43935,9.92296,8.00197,6.51301,10.32264,9.84801,7.42676,7.45374,9.45300,7.84462,4.87648,5.26865,6.18242,3.67009,3.06955,2.66148,1.00195,2.99288,4.60347,2.82552,3.52267,2.50754,5.13973,5.09523
21.83703,21.20003,21.90212,24.63797,22.50105,26.20794,29.19712,33.81507,26.00645,22.61669,24.00199,23.24493,18.54231,21.85875,16.17681,17.06890,15.86720,21.99748,21.21289,17.04039,25.87133,23.03839,20.15558,18.94147,18.64920,14.87648,8.37928,9.27706,9.80896,7.21133,6.92343,5.67466,5.65850,4.95785,5.41519,4.79183,4.57527,3.41927,5.93631,6.04845
19.16822,17.15403,18.85852,25.72879,25.59371,23.91602,29.06572,35.61236,28.70580,23.93051,26.03466,28.21916,22.93477,25.52582,22.10363,22.33981,20.24686,20.26554,18.41504,16.82493,19.30659,19.70885,19.35160,17.94140,20.11090,20.00228,16.22147,17.59783,16.20874,15.45969,11.46296,12.38232,12.50665,12.49758,10.63332,10.23853,9.70304,9.37791,7.41433,6.47221
20.69558,18.89842,15.21352,22.83363,23.38997,21.33734,25.03070,28.49398,22.37563,20.55295,22.86659,22.91506,22.07396,25.40648,25.06509,25.33062,22.30165,19.76364,17.64404,15.56897,17.24636,17.10244,17.62254,15.34102,17.75910,18.20360,20.76601,19.83614,20.17072,16.96810,16.40514,15.10843,16.99491,17.56085,16.60558,14.89746,15.07481,16.42144,16.85501,18.99722
54.28092,48.64116,45.44028,61.99776,62.07737,68.78532,67.61710,83.33064,57.10093,51.39468,64.47725,71.32440,75.33373,73.72640,60.04067,53.75371,45.19488,48.74257,36.19382,41.58020,27.79244,29.62026,33.74086,25.58797,31.37851,27.85367,27.40030,26.87291,27.20447,27.00669,28.24735,26.84796,27.24122,31.23050,32.59445,28.55182,27.07677,23.97929,26.51566,21.41247
33.67807,31.51103,30.82408,34.00881,34.66028,40.37999,46.01162,55.34168,43.35878,32.03776,33.21449,26.67185,17.97145,21.56355,20.30193,20.59623,21.53830,24.52160,24.04510,22.52025,26.15189,25.30679,25.41312,21.58949,24.89033,25.29882,21.36419,22.66074,21.61689,23.63736,25.26616,30.56546,27.74603,28.82961,29.56998,26.67727,27.08010,21.30880,13.95126,5.45280
11.95700,11.53274,19.41238,22.79515,22.39376,25.85389,22.77147,24.59402,24.96188,23.50478,25.77872,30.87942,22.62850,21.33361,18.60441,19.38121,17.52102,19.24564,20.32572,18.70576,22.31189,26.24173,24.56994,19.31302,19.20658,17.54539,11.44392,16.90836,13.46859,13.81148,11.49499,10.02984,9.99990,11.69262,13.07575,11.48978,8.80801,9.96098,11.81427,8.78840
12.51294,11.64407,13.45486,19.56054,22.30711,25.30867,24.76837,24.47814,23.77484,18.61786,21.26341,22.97382,18.07055,19.39090,17.95851,20.01366,18.75946,18.81937,15.67950,14.20212,14.83023,14.26821,14.45734,12.18712,14.71438,14.16300,12.53147,12.93807,12.46787,12.01535,8.37667,8.33535,8.46842,9.58399,10.30242,7.93614,9.09632,7.45112,8.79978,9.12633
64.54204,61.30138,75.34082,89.10007,86.56824,100.78143,95.86848,122.07887,86.74509,75.84199,84.34315,82.76846,69.70624,70.10712,53.03430,44.60661,40.14388,55.23767,44.31230,52.36609,43.17140,43.91135,47.64623,40.40209,43.00306,39.88377,46.68857,43.04804,46.97953,49.53022,55.49019,55.49055,54.18130,45.19543,46.87823,47.84896,40.60750,39.33243,28.85102,20.89091
20.00418,18.46119,23.02088,32.51510,33.04877,34.77741,35.51206,41.44112,36.73323,32.13472,37.45920,42.83213,42.80807,45.13205,46.09472,43.50066,42.55261,38.63899,36.92706,31.14297,33.62194,33.31744,35.32860,29.78686,30.52847,28.29075,23.54593,26.39370,24.33976,23.95650,20.06733,18.72533,16.95993,17.75468,16.38170,15.50403,12.91187,14.90378,13.78748,12.88457
60.44380,59.71368,62.90002,72.16507,69.74209,81.12299,88.16602,114.39361,78.58710,69.57928,78.34595,81.79414,75.87394,78.62593,72.17002,61.37952,61.16752,64.13929,56.29632,59.84886,53.62617,62.71865,68.72461,56.67194,62.58139,60.71108,53.58443,59.99239,52.25544,54.96461,46.77691,37.25214,41.80156,30.77675,32.39460,36.03360,27.26096,30.19861,23.99019,23.52530
63.09406,60.22175,55.76248,75.58659,79.60035,88.01677,88.70498,115.10001,81.90328,73.76611,74.81478,70.57161,58.49406,64.85139,58.31549,50.70205,49.63036,55.04948,49.92802,50.06606,45.72078,44.53019,49.03194,37.97491,40.77787,38.46744,37.15008,37.75616,35.14941,34.99778,30.70710,27.68393,31.74206,34.56519,31.64528,28.73769,29.72522,30.63078,33.53684,31.91949
54.86964,53.29527,66.01419,79.27065,81.28783,99.78477,89.87665,113.11266,85.06299,74.74529,89.09047,100.07335,99.58297,100.89384,95.59987,85.13290,89.15771,93.43969,86.76103,80.18370,84.59563,109.92114,120.55621,103.73400,105.12460,106.62421,97.92056,109.65584,90.49338,96.22636,67.85818,62.36117,78.28091,65.48505,61.05040,62.47403,54.75018,54.14473,46.06131,43.43104
47.88040,47.10451,54.52469,75.64790,81.83893,106.56629,88.39558,112.64344,91.02882,88.36909,99.30919,107.84750,102.87778,98.19298,81.09605,71.83535,67.39535,73.70953,60.95272,68.69190,63.23927,64.09607,71.11498,62.16988,64.41981,61.77737,59.20594,63.01490,59.33963,59.42426,53.63494,45.76929,51.02613,38.87689,37.23224,41.00558,33.11048,35.18502,28.31003,31.09543
25.99036,23.24959,17.86855,17.82025,18.92443,30.46587,28.93007,33.41372,32.82681,28.62084,37.29925,36.22319,27.72818,23.12096,20.67281,21.32661,17.97200,21.12042,18.17233,17.76581,20.37611,24.37591,23.60783,23.34259,24.33926,24.94002,24.65798,24.62058,22.08418,20.17305,15.23928,13.84563,15.69814,15.22285,15.22897,14.06139,12.13238,12.07087,12.63399,11.74800
16.07096,16.52864,21.70500,29.47545,31.29525,38.61871,32.57825,36.06292,29.12645,25.21147,28.00696,28.37322,23.37820,23.11696,20.55391,20.63781,19.78775,22.02955,20.26493,19.32982,23.11963,27.56874,24.56135,22.98201,25.00232,22.94479,17.95232,19.79813,18.71252,16.90595,17.23868,13.66682,12.50765,10.76239,11.38951,11.53034,9.79994,10.30576,9.01054,8.64065
19.48608,19.25740,23.47413,31.16023,32.67188,36.38608,33.39599,40.58907,31.59612,28.96066,32.64394,40.68219,47.43911,52.62519,49.90884,50.10295,48.96774,45.02888,41.32572,35.90648,45.48963,44.71030,45.59172,41.31575,44.68787,43.70117,40.14394,41.44432,41.30318,40.63276,38.21926,36.04762,36.07532,38.35034,34.20652,31.61972,30.76507,33.92038,33.07726,35.49880
25.48824,24.26580,27.96493,38.46245,42.45049,51.55848,49.79105,60.82084,55.57081,50.54342,51.86750,48.04544,31.60272,29.06229,21.02066,19.44522,14.30956,21.93192,17.68414,23.30294,21.98182,23.33879,22.56870,21.67778,24.30711,21.75380,13.12595,15.85644,14.58692,13.73731,11.45963,8.72526,6.22559,7.58423,9.12195,7.67933,9.17347,9.35531,11.19589,11.13938
17.38508,15.77701,15.54446,22.16233,24.91665,29.50445,30.60244,32.85080,31.50349,27.89729,30.95280,31.52997,27.89513,28.56457,23.45001,23.41034,21.84068,23.56904,20.54222,19.67507,21.28133,22.79758,22.40094,19.72476,21.87985,19.65438,21.48594,20.68157,22.06455,22.49953,25.54122,22.93077,22.96573,24.27791,25.62511,22.85249,23.40451,22.55513,21.39780,20.75358
25.78432,25.21886,31.25200,41.26108,44.01508,51.46989,47.11199,54.35980,39.98179,30.84333,29.88688,26.15899,19.26295,28.21124,24.14219,24.99866,23.53054,26.05555,24.97076,25.49448,29.26635,29.18464,30.15324,24.24766,26.64750,24.35245,15.00742,22.34041,17.28029,16.94865,15.38019,12.90331,13.29374,18.75495,18.98868,16.07931,14.52974,15.76118,17.24393,14.64974
26.83890,25.37371,25.25111,34.64969,39.73354,48.11054,48.96950,63.66349,55.65490,52.97389,55.69800,67.17931,60.17603,57.69770,52.68379,45.40847,41.88285,41.26351,42.10332,39.69627,39.61181,38.19931,42.21965,31.60684,35.43211,33.33420,24.95903,32.15828,28.29882,28.44228,27.78106,22.82534,21.53198,15.76144,17.86612,19.93760,15.98152,15.51146,10.48352,13.58690
6.97366,6.82920,9.00489,11.61307,12.92500,12.34034,16.13396,15.73545,16.68116,16.20554,16.57115,18.02571,16.87783,17.07453,14.36770,16.70113,15.58541,15.21825,13.59330,10.13851,18.52014,21.44004,18.68629,18.65015,18.54331,19.24193,16.90999,19.19867,16.20662,14.49057,9.54570,8.16489,10.38406,9.58929,10.62584,9.89107,8.46214,8.01761,10.41957,9.93765
39.65976,36.54066,37.42909,47.27172,47.55350,54.05083,54.22147,68.56764,50.66622,43.33945,42.23605,42.28129,35.19366,42.34337,40.05814,37.45467,36.95018,38.45986,38.61246,36.29157,41.38911,41.71829,43.94411,37.40479,42.60375,41.45148,42.87255,42.07882,41.89341,41.91639,39.27953,33.84148,34.82701,29.17195,26.48127,27.44357,24.00188,23.77936,21.09914,21.20559
17.33250,16.21597,17.58732,20.98155,26.76162,31.68613,30.38244,32.86575,31.11819,26.92533,29.22166,29.34429,30.04241,30.46290,28.44826,28.22823,26.36271,25.30239,22.96289,19.16283,24.38547,27.72910,29.96317,30.59940,35.49223,33.71251,30.87502,35.74748,33.74064,33.56435,34.70778,25.16509,22.98518,16.04768,19.66745,23.83852,18.92526,22.30472,16.93821,17.49941
64.64143,60.59426,57.32465,75.35970,72.73956,85.91425,86.64896,108.90160,74.08154,65.18394,71.61312,73.40480,63.83617,68.53469,64.60905,56.24485,59.88158,65.97503,59.34562,60.33939,64.43896,69.38615,69.91921,58.25191,62.21569,56.34321,46.47575,47.35123,41.83421,44.81217,38.06025,30.59082,33.42088,23.58981,23.57516,26.29495,19.30679,19.55739,16.03787,16.36287
27.03426,26.80153,24.34138,31.97825,32.91635,36.09422,38.85969,51.19049,38.97017,36.27362,34.83483,36.70769,29.26364,33.42703,26.80489,26.96184,24.13502,26.55226,22.65025,24.02453,23.86891,24.00273,25.62792,25.22293,27.64321,26.17828,24.28193,25.80714,25.99638,25.24556,23.02533,21.70759,20.64394,18.84310,17.94151,18.35579,18.23734,16.48225,14.86757,12.29327
24.64468,22.61549,20.74373,30.19167,30.45827,31.64506,31.86941,41.91162,33.31861,31.79036,37.23388,47.74597,45.86707,45.29789,36.12136,35.03130,30.88194,30.73220,25.28592,27.07492,26.00521,30.18252,31.42894,27.95910,29.82941,28.64260,21.11215,26.87861,22.10259,22.26365,17.78835,14.71736,15.15036,16.65457,17.15608,15.75201,13.93236,13.01118,12.19575,12.69697
25.49642,24.87476,27.78916,36.52594,37.36336,41.59732,43.52868,52.31107,38.86201,31.19440,30.19296,27.21740,22.33262,28.88307,28.83938,29.23978,30.34047,30.56498,27.68768,24.93869,32.40376,32.74619,33.38752,28.98376,31.14850,30.44940,22.81699,28.06834,21.68923,22.30994,15.56353,12.12951,17.00425,12.49099,12.92336,13.93663,12.41928,12.00280,12.25482,11.05201
