3.11415,3.16809,4.10410,4.74145,4.63595,2.93971,4.59494,5.95625,8.59316,5.25807,6.79660,4.39870,10.51836,3.31238,3.85829,4.19899,3.14621,1.46191,2.47739,2.89078,1.53423,1.46953,2.61892,1.27751,0.31939,2.05264,1.56050,3.78028,5.04775,4.40472,5.07554,4.06418,3.73451,4.71538,2.41763,0.62228,0.82182,1.09443,1.30497,0.94859,0.64766,1.86254,0.77878,0.72673,1.09187
8.49932,10.15987,14.34614,16.93816,18.33487,21.27289,22.64551,24.71584,25.03282,25.73497,23.73853,23.47924,23.00680,19.09890,16.96447,15.36739,12.30770,11.19230,11.35270,12.79777,10.52604,11.96741,12.39189,11.38137,10.15680,11.59012,11.51592,11.52442,10.48929,9.58404,7.67338,8.69715,8.85277,8.07851,7.57287,6.10918,7.44292,5.96324,2.27297,5.90591,4.57733,5.16270,1.50887,1.72962,0.97675
10.50780,11.19552,10.25351,11.27328,12.40707,12.91823,14.75529,15.94925,16.60347,13.72109,13.16594,11.07144,10.69432,7.77269,6.63570,6.47027,4.69464,5.18641,5.77819,5.93229,4.78155,5.60670,3.05788,2.68011,0.53774,6.11654,6.39360,4.07165,5.54781,5.42789,3.85466,5.37218,2.97562,3.83793,2.73045,0.70563,1.33171,1.55195,1.26242,0.86090,0.88680,1.44333,0.38108,0.02522,0.66578
7.76507,9.84118,8.52873,13.91941,13.79907,15.26199,17.39351,18.70337,18.78479,17.04535,14.04270,14.08986,15.64240,11.08715,9.81219,8.92611,8.13484,5.87620,7.20081,7.86122,5.29417,5.92963,4.05183,3.88364,4.08392,5.57690,5.07213,5.36401,5.03262,5.41030,5.27835,3.35897,4.89220,5.27064,4.47122,4.57197,5.96481,5.10248,2.78598,6.81999,6.38482,6.29530,2.47423,3.12975,2.15184
3.86612,3.93368,3.73380,7.45546,2.26955,3.80779,6.14232,7.45469,11.99901,3.53462,6.25520,7.52585,18.21199,10.70723,10.36711,9.68683,11.56821,6.07765,7.29030,6.75248,3.72175,4.28760,4.22304,2.51413,2.31371,4.84815,2.73411,3.10570,3.43000,3.44469,1.90627,4.72135,2.56538,5.29668,4.25181,2.39768,3.47717,3.86730,2.57676,2.73083,1.14749,0.86349,0.09845,0.00000,0.85872
5.04398,8.73717,7.07856,9.34376,11.41880,11.38599,14.85011,17.17812,18.48978,17.50725,19.31093,16.43726,19.08615,14.19995,13.75189,12.78681,9.76958,5.79722,6.93880,7.45211,4.94946,6.17113,4.92978,4.43638,3.68942,3.45174,2.18126,1.24265,1.46804,1.64710,0.65693,0.76673,0.00000,1.07967,0.70099,0.00000,0.30099,0.45139,0.70598,0.12601,0.00000,0.00000,0.00000,0.00000,0.12921
7.92098,9.61274,10.62412,15.77265,18.50354,18.44066,23.29640,23.67510,24.02491,23.92130,28.94375,26.50923,33.87059,24.96967,28.24941,26.25630,23.32602,17.47786,19.00921,15.12619,14.76697,15.45985,8.01790,10.30100,11.30618,13.74573,10.79274,11.10948,10.62086,9.38237,9.69360,8.90473,7.71988,8.10001,6.89397,5.50192,5.34447,5.39976,3.61662,2.75190,3.18064,1.22761,0.33551,0.32565,0.84854
5.53550,4.99380,8.19017,9.50368,10.38781,10.79836,14.09338,14.06126,14.83514,11.66504,11.52309,11.20405,14.54387,9.45309,10.73426,9.48377,8.67251,7.59887,9.28493,9.59861,7.12904,7.72518,6.97211,5.34945,4.61590,4.76313,3.66365,4.07836,4.57561,3.40872,2.21897,2.79082,1.80978,2.77922,2.76634,1.29254,0.66381,1.49143,1.42246,1.53380,1.32200,1.43941,0.06765,0.00000,0.54213
3.89553,4.53861,5.89942,6.45799,10.11515,9.23861,14.01983,12.32905,16.58932,9.97708,8.66672,7.33577,12.72551,7.70379,9.99478,7.43465,8.54000,8.55896,9.89442,10.37391,8.54495,11.33373,11.96922,12.57877,11.42015,16.56940,15.36042,15.92640,15.89242,13.55031,12.31149,11.26726,9.69506,11.10200,8.64195,6.58004,5.78467,5.35770,3.19133,2.64915,2.30504,0.97238,0.24779,1.32035,0.72958
6.45751,5.99667,9.75242,12.42485,14.40924,13.38445,15.21750,15.97864,17.70658,15.43966,16.81828,15.01184,21.89338,12.86547,16.71571,14.20273,13.21562,11.59823,14.08740,13.99365,15.23105,14.71330,13.70089,14.48937,15.28914,17.40504,14.47743,14.21413,17.61692,16.76513,15.87281,15.30316,15.84982,20.34199,19.70999,18.98775,14.85228,16.46936,13.59594,13.72396,11.65649,9.26788,5.21801,5.93434,3.86739
5.32914,4.55116,4.24648,5.27244,4.03358,3.51239,3.41381,9.18230,0.00000,5.14184,2.00821,2.62508,1.34808,0.96170,0.84217,0.69168,1.02608,0.00000,1.09102,0.96847,0.43072,0.61603,0.27591,0.51611,0.00000,0.00561,0.06035,0.49410,0.22313,0.76711,0.64305,0.77870,0.03949,0.47131,0.00000,0.00000,0.00000,0.00000,0.25294,0.00000,0.00000,0.00000,0.00000,0.00000,0.00000
3.42251,3.77522,6.87646,5.48749,7.36739,7.33064,8.28652,13.00635,9.37571,4.82005,0.00000,3.91501,3.97956,5.75685,3.45575,4.80025,7.37825,3.68282,7.46669,9.32277,7.30433,10.20307,9.74023,8.16284,8.82336,10.09925,8.61287,11.83056,11.96455,10.34076,13.68394,9.22094,9.57625,10.24094,7.92162,6.29801,6.86242,5.43729,3.15188,5.41612,5.44597,4.00128,0.86465,0.64113,0.56178
3.05533,6.58330,1.82768,2.80193,4.31051,8.00432,11.79107,11.93341,10.92467,6.87294,9.41986,8.54630,12.79359,4.06173,5.41393,5.52631,4.08682,2.75245,3.94471,3.31576,3.23552,4.55146,4.38016,3.29663,2.12441,4.51889,4.25728,4.06504,3.93595,4.62761,3.81510,4.73880,4.25856,6.93572,6.82808,5.34382,3.40566,5.26167,6.37270,9.39776,6.50503,8.12670,6.00651,4.98610,3.24914
20.90730,21.39258,20.91608,24.92844,25.38196,28.59361,31.37329,30.35028,27.47338,16.88480,5.31618,13.07101,12.54812,10.78623,7.65171,5.57347,6.85158,5.69533,6.18866,7.10702,4.04738,3.76859,2.65415,1.62184,1.30411,1.74588,1.55785,2.25914,2.17859,3.26773,6.95917,2.91055,4.33436,5.28728,2.75564,3.05348,1.61382,0.52645,0.65547,0.42656,0.00000,0.08783,0.00000,0.00000,0.30632
17.71826,15.20142,3.22016,11.12187,18.44578,25.53898,23.67430,27.51619,25.00213,22.10091,29.04324,27.06100,25.74286,22.50248,22.19792,20.92012,19.96595,14.72764,15.08083,16.48713,10.83989,9.68016,9.53475,10.32465,11.44422,14.14091,13.55680,14.33628,15.01139,14.17584,10.77544,10.15273,10.42364,10.86712,9.28708,6.80674,6.63534,6.92730,6.31831,4.62687,5.46458,4.09200,3.05473,3.26096,2.84367
1.83705,2.45987,1.32208,2.20961,2.65657,1.99035,1.39367,2.21567,0.00000,1.19278,0.00000,1.04907,0.00000,0.00000,0.14210,0.00000,0.93964,0.00000,0.17321,0.39097,0.00000,0.00000,0.85239,0.00191,0.00000,0.00000,0.00000,0.00000,0.00000,0.19052,0.00000,0.26358,0.00000,0.30056,0.00000,0.00000,0.00000,0.00000,0.40449,0.00000,0.00000,0.00000,0.00000,0.00000,0.01017
15.72199,8.48452,11.13318,14.32491,16.78303,18.45472,18.72781,19.72200,20.90233,16.99359,20.18153,19.97089,21.48998,13.82615,15.16364,14.04378,12.12965,8.60046,9.09976,8.44189,7.04434,9.96637,7.47702,6.21476,6.94798,12.05468,11.43284,10.57710,11.04360,9.42078,8.47058,9.30242,5.93981,5.35595,2.92754,2.05704,3.28891,3.37148,1.52209,3.24923,0.90538,2.16705,0.00000,0.00000,0.24339
9.60791,8.91978,10.60139,10.29158,11.05422,9.51441,11.19015,12.13804,10.54136,9.48147,7.07223,5.22769,9.08849,2.08553,3.52933,1.28662,1.63459,0.68739,1.14596,1.36644,1.06992,1.50261,5.39869,3.69718,2.62054,4.70859,4.12670,6.15279,4.97166,4.60674,3.47013,2.70604,3.20627,2.71506,2.43552,1.44465,1.08411,1.55648,1.46713,1.37903,1.18582,0.53012,0.00000,0.00000,0.48516
7.70395,7.25558,11.91723,15.28155,12.37448,18.47542,15.68320,17.98323,1.76798,12.28701,6.73931,8.09490,15.13009,7.51182,11.55969,9.14736,10.25775,10.31470,11.89085,11.66341,10.13721,10.10123,9.17067,8.79862,8.28904,11.67099,10.17886,11.64949,12.87379,11.54156,10.87341,11.00553,12.19586,13.01650,11.97570,10.00902,11.46407,10.46990,8.89657,10.60629,12.68782,12.13035,9.88487,7.22187,6.02088
6.75326,6.45569,7.46486,6.65591,6.56203,5.05391,4.00991,7.32324,0.00000,5.98590,8.97281,3.77040,10.16262,3.13610,6.96878,6.79285,4.88010,4.03483,5.29278,5.55780,3.72859,2.82086,2.10833,2.25853,1.27816,1.03404,0.65001,0.46544,0.95307,1.44424,0.89393,0.66274,0.00000,0.51983,0.00000,0.00000,0.00000,0.00000,0.43949,0.00000,0.00000,0.00000,0.00000,0.00000,0.00000
4.49111,3.54900,7.19753,8.36938,8.70640,7.60773,8.60181,10.33920,10.74748,8.15998,7.53102,4.00614,6.44843,3.08946,2.47726,2.63193,1.77935,0.74287,1.93737,2.26968,1.15281,3.65796,2.96254,2.76979,1.24070,2.33128,2.07469,2.13160,1.48795,1.42015,0.86591,1.89404,2.14694,3.51136,2.80094,1.78151,2.33684,2.70265,2.58753,1.92360,2.85525,1.88885,1.31860,1.54049,1.19982
6.38309,2.74895,5.13201,8.52475,7.61609,7.03675,10.86244,14.33289,14.74228,7.80332,9.04664,5.75095,7.62883,4.95734,5.25024,3.41850,1.76014,3.49986,5.82450,6.35466,5.02833,5.46363,3.60715,5.62538,4.33399,6.46859,8.29253,5.08761,5.25673,6.21234,3.37274,3.46840,1.67791,1.38613,0.59472,0.00000,0.40935,0.47973,0.34789,0.71033,2.56978,1.79375,0.44808,0.22762,0.33225
6.93280,5.56212,4.59263,5.44534,7.30234,5.49417,1.24548,2.94066,0.00000,5.07543,2.78872,1.16624,4.11816,2.66941,2.43556,1.22065,0.67211,1.32642,1.03731,0.72224,0.00000,1.12574,0.62248,3.72160,4.82004,5.91985,5.84198,5.10562,3.44909,5.90073,1.42888,0.86988,0.63866,0.00000,1.55904,0.00000,0.00000,0.00000,0.41345,0.07208,0.00000,0.00000,0.00000,0.00000,0.00000
6.31656,5.77747,5.35840,6.49478,7.42543,6.41941,10.18852,11.58589,13.78091,12.41806,10.42337,11.01482,16.26148,10.38427,12.40220,11.07447,10.76947,9.80620,11.09324,11.60685,9.25751,11.05571,7.43039,8.11831,8.28779,7.99171,6.85250,6.09453,5.97895,6.03846,4.09633,2.17571,2.15408,2.52465,1.81027,0.00000,0.78288,1.35119,0.56323,0.80377,0.28054,1.62915,0.79027,0.00000,0.36736
8.12779,6.88072,5.70297,6.98256,7.15654,6.37771,8.03739,9.89166,8.91566,7.77081,8.56065,5.35246,9.57560,2.64954,2.33230,2.28178,1.15861,0.29787,0.84842,1.11860,1.57896,2.75063,2.63278,1.67333,1.24691,6.16606,4.40497,3.21938,3.74847,3.83691,4.72685,4.36372,4.27797,5.24401,4.20544,3.40568,3.75587,3.33018,2.06059,2.21366,1.70652,5.56870,8.51269,4.17179,0.56330
15.08483,15.33387,14.93571,19.17196,22.60819,21.28198,24.52704,24.57382,24.17278,25.69241,28.09559,25.94653,32.46771,23.84373,24.81181,23.14221,22.32441,17.55634,18.88614,14.10141,11.27763,12.12439,15.72114,12.41470,9.06483,9.94544,8.08715,10.13262,9.20322,7.84395,5.25546,7.51978,5.61901,3.60051,3.85799,1.55938,2.17589,1.55521,0.72046,1.75349,0.04807,0.60394,0.00000,0.00000,0.74348
11.37021,10.06621,11.23890,13.77652,16.58349,17.31843,19.36845,20.22350,20.46145,16.48815,19.14195,17.41097,15.30772,11.00113,10.62837,8.14423,6.61350,3.65026,3.85327,3.61817,2.30759,1.92318,1.38120,0.98671,0.00000,0.76573,0.08640,0.07539,0.59190,1.12241,0.42953,0.49604,0.00000,0.32991,0.21388,0.00000,0.17600,0.01276,0.90286,1.24171,0.60540,1.16893,0.45428,0.00000,0.60965
14.73211,13.22604,11.30397,12.36275,14.38081,15.07159,16.97057,15.36937,15.34237,11.72886,9.25134,10.28842,16.14762,6.86307,7.27388,5.16408,5.90771,2.82565,4.46692,2.00891,1.84974,2.53986,1.85454,0.71791,0.00000,1.88804,1.27741,0.75330,0.63257,1.22210,0.57618,1.13179,0.01671,0.56276,0.43175,0.00000,0.36770,0.14808,0.57919,0.03741,0.00000,0.00000,0.00000,0.00000,0.16938
15.55480,14.38339,13.66765,16.61514,17.40241,25.00328,24.96794,23.89389,24.97536,24.02751,29.06064,30.57251,29.54128,22.41283,25.05583,23.42337,20.15858,14.72788,13.11595,13.79371,10.59487,12.38732,12.30849,10.78724,10.98384,13.48245,10.71363,9.72949,9.82218,8.05184,6.98387,5.51299,4.27398,5.64569,4.43928,1.81585,2.35166,2.43321,2.62255,2.65888,3.41808,2.23416,1.07951,0.56665,1.26577
5.54333,5.59120,6.65886,4.84928,8.06165,8.58208,10.00306,11.52257,11.20988,7.52396,6.07339,5.51907,10.99323,3.43239,3.18088,2.82363,3.54280,2.99932,5.37856,3.62967,4.08397,5.06189,3.57280,2.62095,0.43814,0.51476,0.15885,0.35394,0.46955,0.61672,0.78066,0.73332,0.12438,0.79992,0.00000,0.00000,0.05527,0.00000,0.46454,0.00000,0.00000,0.00000,0.00000,0.00000,0.16991
7.23042,9.13231,7.79076,11.49080,9.74836,11.85995,8.86783,13.61281,15.19858,9.15862,10.98154,8.90989,10.64428,5.04038,6.06226,4.67863,3.50005,3.67431,5.83350,5.86634,6.63961,8.20244,7.58068,6.25593,6.13838,8.42567,6.04439,5.37754,4.56266,4.06321,3.06561,2.04449,0.53438,1.62111,1.72956,0.39885,0.17609,0.03383,0.71832,0.57395,0.00000,0.00000,0.00000,0.00000,0.15290
7.84561,10.14130,13.36957,13.20238,12.53007,14.62020,16.23876,15.98729,16.17618,14.02120,11.27871,10.10309,13.92760,8.79757,10.19734,7.81375,10.52504,13.75545,17.06257,17.94967,20.38966,21.50830,14.67850,14.99122,12.83100,13.87292,9.90169,7.45520,7.92343,7.41523,6.21420,7.00310,4.87126,6.29970,4.80535,2.81177,2.97675,3.77207,2.59784,1.62084,0.87173,0.51256,0.16627,0.00000,0.50360
15.61530,13.92456,11.28434,13.36857,12.67599,14.46493,5.84000,12.97704,14.99602,7.52978,11.12547,10.62804,13.59285,7.79537,9.54670,8.29533,7.49899,6.71985,8.55865,9.99090,8.44340,9.34227,7.48999,6.86808,5.34448,3.73072,1.86950,1.55935,1.94253,2.03299,1.09039,1.21878,0.97354,1.90312,2.01373,1.93739,2.66111,2.14682,1.61445,1.86549,0.99611,0.66339,0.00000,0.00000,0.18658
10.20318,10.12960,9.26805,11.25948,10.40042,9.19012,9.81262,7.63146,12.33137,6.62788,6.65156,3.85098,6.44594,2.54748,2.39508,1.75209,2.64105,0.72552,2.74653,4.50787,4.19832,4.79033,2.05509,2.12085,2.29020,1.78389,0.08364,0.00000,0.27022,0.68761,0.86851,0.40855,0.46581,1.26115,0.85722,0.00000,0.00000,0.03026,0.37090,0.00000,0.00000,0.00000,0.00000,0.00000,0.06617
8.87314,8.58956,11.38116,15.50741,14.73299,17.04766,13.58658,16.69712,15.22887,11.50364,11.10814,7.57642,12.67244,5.12469,8.06229,4.57854,5.38646,6.46402,8.40217,7.69286,8.83162,11.38953,9.74035,8.58981,7.05643,9.64182,10.98328,8.41225,6.14012,7.47516,5.27095,5.11637,2.77321,1.25655,2.29083,1.18380,0.95451,1.16531,1.05640,0.67154,0.10574,0.22784,0.00000,0.00000,0.00000
15.29799,6.89989,3.34686,17.67724,18.09463,17.86652,20.05052,18.65396,17.99207,20.48847,19.40018,16.71187,19.22630,14.10443,15.12174,14.98674,10.49663,8.21614,9.50134,10.11512,9.02087,10.65505,6.89786,6.81121,5.24387,5.31658,4.23149,2.40354,2.03449,2.46566,1.06121,1.79583,0.71497,2.80160,4.25889,1.96822,0.17266,1.01728,1.03964,1.71884,0.00000,0.00000,0.00000,0.00000,0.27826
13.01819,12.09733,12.11099,13.06666,12.64899,17.82197,16.47294,15.92312,16.30478,15.03440,14.92407,13.64315,18.52219,9.57618,10.79363,7.46814,8.58055,6.50903,7.98574,7.73545,6.49995,8.06076,8.59861,7.25689,6.25155,5.80097,3.41636,2.11291,1.80570,1.31423,0.43220,0.39430,0.55683,1.55642,1.09532,0.00000,0.83422,0.74651,0.36084,0.36695,0.00000,0.00000,0.00000,0.00000,0.00000
12.53487,9.68254,3.95830,5.98098,3.80036,5.23325,8.06715,9.86933,9.73462,10.11606,10.48682,7.79666,12.61619,6.48099,7.33916,7.26176,6.19310,4.27479,6.11360,7.50216,4.86657,5.55635,4.45324,2.36868,1.95549,1.87168,2.32128,1.92530,1.24835,1.95109,1.80138,1.86951,1.27204,0.81519,0.00000,0.00000,0.41671,0.00000,0.41940,0.00000,0.19657,0.00000,0.00000,0.00000,0.10931
15.99452,15.43092,13.01159,16.49909,21.16183,20.92759,21.74606,20.40125,19.98866,17.11526,14.10697,13.39242,15.65985,11.57056,11.44669,10.19309,7.93306,7.51178,8.76388,8.85643,7.06922,9.45249,10.06990,8.00293,9.02506,11.34597,9.07496,9.47939,7.78461,6.25428,6.17756,5.35882,3.62337,4.04789,4.41225,3.16507,2.99295,3.73807,3.74410,3.66405,3.31118,2.17351,1.37797,0.87647,0.69391
2.13642,2.97085,1.69649,2.65686,3.16677,1.62621,3.42021,1.45412,0.00000,2.77174,2.12335,0.55708,4.46908,0.00000,0.66217,0.18674,0.83504,0.00000,0.34396,0.45781,0.32015,0.00000,0.96802,0.29392,0.00000,0.05549,0.00000,0.00000,1.34358,1.37968,1.33013,1.60466,1.27397,2.64311,1.33566,0.14347,0.85913,1.70492,0.23668,0.74724,0.00000,0.25448,0.00000,0.00000,0.15192
16.95646,18.78000,18.82956,22.00958,26.27103,37.10924,37.85101,38.83813,37.60997,35.04671,68.70917,61.65939,62.90623,55.53160,61.53970,61.74659,57.22871,46.19354,42.79380,43.69574,38.01886,39.02895,34.83523,33.88127,33.11827,38.49207,34.46032,40.25741,38.97189,33.25746,32.24612,28.87625,33.03855,36.39425,35.68007,36.93115,32.67508,35.41633,32.87262,32.83338,27.77481,24.28330,17.78363,16.63716,16.41202
13.54598,11.98388,15.39875,17.97014,19.77872,26.19573,26.78674,24.75278,25.06469,25.26207,31.58111,29.85511,31.79553,28.86018,31.10521,29.51978,28.17698,25.00894,24.99936,25.64775,22.72910,26.02218,22.04013,21.37202,20.59268,21.16559,19.25758,21.03637,20.68364,19.78930,17.39526,17.46721,16.98716,17.80661,16.74462,13.43907,12.63823,11.62226,10.29138,12.66743,14.18117,12.10593,9.07428,7.92203,5.47524
13.16582,14.02462,18.26747,22.73646,22.52814,27.93960,29.50224,32.04169,32.29438,32.72802,35.17760,36.24607,35.42625,32.00820,29.80560,26.43821,23.63622,19.11261,18.92805,19.30779,15.74953,16.78022,16.48121,15.20794,15.03840,22.63576,19.47145,15.81920,18.83543,14.56742,14.10298,16.19494,16.25370,16.29726,13.97725,12.69312,13.82449,12.95199,7.74554,7.49318,7.32746,6.19848,4.23258,3.41594,2.62138
14.61231,14.09336,14.40387,16.26176,16.12819,17.08899,17.45323,18.42270,15.39495,12.33730,13.44196,10.16695,16.55485,9.77041,8.36379,7.19784,8.91914,8.21245,9.77565,8.73114,7.90587,10.87663,10.11568,8.48263,7.34394,14.01465,11.27845,8.77883,11.68493,9.79618,9.59457,10.41583,9.94330,11.15615,8.49216,5.89446,7.54688,6.43899,6.67443,7.49425,6.14599,9.53280,10.12032,7.42086,7.57993
15.50658,13.82564,13.38816,15.26409,20.19455,22.26297,23.04753,22.17302,22.01893,18.02966,20.33294,18.19052,19.24898,14.21988,14.08225,12.50789,13.22955,11.86773,11.79127,11.06827,10.37092,12.11028,10.76033,7.98669,6.46786,8.47556,5.54215,4.27845,4.38583,3.29610,2.76598,3.81040,1.62122,4.71101,3.36002,1.59468,0.73181,1.65475,1.03300,1.61152,0.34643,0.49046,0.17208,0.49657,0.40176
16.33964,13.44291,5.32456,14.50714,15.22917,15.18454,13.21301,16.54262,16.76876,17.88823,15.49450,12.25541,15.26287,11.37895,9.30122,10.03022,9.03146,7.18617,7.58241,10.83589,8.08918,10.46976,7.83143,7.30793,5.46782,7.53171,5.71402,5.19136,5.15921,4.62488,4.48059,3.56879,3.09253,5.81458,3.97544,3.09744,2.87506,3.61612,3.71332,2.85475,1.30311,1.75217,1.00415,0.00000,0.26813
16.02436,14.12444,2.85867,12.36543,13.05991,15.90463,14.94132,18.04406,15.89551,10.48056,14.97641,13.08460,19.47963,12.74012,14.36354,12.82319,12.20664,10.95763,12.58297,12.25964,10.35189,11.55005,10.24123,8.27738,6.54637,9.66369,6.65184,8.65070,9.90254,7.08077,9.00147,8.58306,6.96528,8.24373,6.21529,4.03190,2.78405,4.13717,3.44669,3.37110,2.19604,2.13185,0.97957,0.60125,0.61661
14.91817,14.64489,11.09713,14.22734,17.26314,17.75061,20.98057,20.77460,20.62577,17.84651,20.82465,18.69149,20.51107,13.80942,15.89755,15.11763,14.04183,11.25734,11.92529,12.65949,8.97456,9.96569,10.24930,7.34811,6.93104,9.88648,7.65162,7.49740,7.13514,7.70133,6.41226,8.05640,5.18946,5.11772,4.28637,1.96485,2.05752,2.42421,1.62411,1.94794,0.99387,1.43159,0.60720,0.00000,0.80177
13.09518,13.22272,10.96851,12.88242,16.13403,28.56380,25.37394,26.40774,26.32056,26.52078,32.20058,32.18718,33.48499,29.46421,29.65916,27.82769,31.88927,29.01025,29.86615,28.13825,24.26316,24.35387,20.95183,19.48658,17.89739,18.38752,16.13558,14.12563,15.05393,12.62870,8.43226,9.27505,7.41788,9.30505,10.56512,8.87567,5.97911,8.14332,6.57375,7.01107,7.28440,5.29623,3.38334,2.64911,1.50620
10.93912,9.15083,8.94904,11.69171,12.21473,14.61462,15.70466,16.96869,16.06684,11.95559,14.28887,10.36145,16.19017,9.90791,10.23688,8.58235,6.38378,4.86526,6.05190,4.10653,2.25143,2.16998,3.52975,2.54162,1.65642,2.24149,1.52506,3.68869,2.80523,3.37689,1.82055,1.92621,2.04832,1.10060,0.37466,0.00000,0.54542,0.84522,0.78769,0.58255,0.00000,0.09186,0.00000,0.00000,0.13878
9.15358,10.68202,8.95961,14.32292,18.30810,20.41050,22.45337,28.71676,28.41368,25.84654,31.79716,29.00815,36.73073,33.25598,32.70982,28.96637,32.04601,28.90332,29.78085,28.76016,24.31481,25.67878,20.87661,21.36502,18.73083,20.10585,21.20532,20.07203,18.19126,16.36616,14.39505,11.89343,10.97540,10.09942,9.25349,8.05291,8.35285,8.29689,6.56534,6.98528,5.69483,5.49583,2.26038,1.70683,2.63643
14.18109,13.32623,10.59560,15.43870,14.99532,18.02247,15.15378,18.71154,18.22339,19.07690,21.98931,20.02400,26.78048,18.55824,20.88005,20.93456,20.32739,17.00498,16.29857,18.24987,14.02481,17.23017,15.47866,13.18244,13.03392,12.06686,9.14125,10.92069,10.46169,9.22441,8.49298,7.56289,7.88003,9.19470,7.08615,3.66981,4.15761,4.36161,2.89311,2.29465,1.62152,1.26092,0.65030,0.73835,0.52758
20.46946,24.49519,25.63444,28.28088,34.89644,35.62828,39.14765,38.19701,38.26520,37.87704,57.13565,56.60802,55.95356,56.76651,56.92425,55.39714,52.90082,42.55557,41.66748,39.19719,32.72565,29.86602,25.34784,24.63811,22.79389,20.59599,18.38033,20.10286,21.77304,18.08042,17.93498,14.75485,14.15821,15.44438,13.73939,10.90708,11.14782,9.89625,9.74127,13.05932,13.39948,13.47897,10.28891,10.00601,9.18477
16.61956,16.33633,15.62047,20.58044,20.31108,22.41130,24.33384,24.86187,23.77749,20.30115,29.07551,29.51169,35.42641,25.89268,34.26481,33.58214,31.98261,28.27310,25.64355,27.29862,21.55041,19.52171,17.29338,16.68775,15.86907,18.04630,17.18936,16.19489,14.54696,12.54129,10.45323,8.31062,6.88152,7.91740,7.18005,8.10116,8.32740,9.13497,10.72207,12.94340,11.43015,14.02719,11.84867,6.41533,7.31776
16.17413,15.64170,13.18001,15.99148,19.62868,20.30272,20.05049,19.68843,20.46084,18.06467,18.53377,18.82919,28.51852,20.48220,21.69325,18.88193,20.22991,16.84885,19.03604,16.53686,13.54048,14.67396,11.91665,12.29886,12.69599,13.10451,11.00399,11.11563,10.89445,9.76731,8.35610,6.41403,4.66284,5.82004,3.96907,1.86458,2.75917,2.91423,2.56181,4.91335,3.72069,5.67184,3.45446,2.63186,2.71487
15.33540,14.47006,14.32335,20.72384,22.30602,26.71011,28.38959,31.72220,32.13907,32.22381,40.29126,37.25891,35.61839,32.95807,33.84020,31.88631,28.11057,24.39489,23.36527,23.66375,20.11190,21.84830,18.16204,18.02013,14.13928,14.26118,13.57755,14.89825,14.35913,13.29951,12.80756,10.24453,10.55997,11.77709,12.73538,11.34079,9.41043,10.41252,9.46360,10.71201,8.67561,6.62004,4.25613,4.07996,2.88430
11.34057,10.10737,12.66039,13.59905,17.24587,17.56849,20.72078,19.75626,20.29724,17.55905,23.90871,18.42673,23.77055,17.72196,16.42043,14.28348,15.59164,11.39185,12.88031,10.75946,9.56683,11.43148,9.37736,7.45591,5.84893,6.25363,4.77774,2.82735,3.52762,3.46997,3.47794,2.99716,1.63253,3.18062,3.31907,2.82778,1.83717,2.33494,2.93285,4.77240,3.56496,3.54790,1.48564,2.51034,2.00869
15.67589,16.00209,13.04108,18.97358,19.28834,23.55858,25.85804,27.96952,27.04253,25.18102,27.04214,25.19518,28.26330,20.81521,21.51915,18.92501,18.23285,14.06636,16.11223,12.45855,11.54987,11.55175,7.77283,7.72454,8.86334,11.86118,10.05929,8.16584,8.88640,7.65483,6.91721,7.22915,4.02085,5.28069,5.28875,3.69570,3.69214,3.75906,3.74935,4.57233,3.93618,3.41044,1.39422,0.86835,0.94717
14.72298,12.91931,15.22122,18.85724,24.97786,22.44610,24.66954,26.10107,25.25657,24.91087,25.17122,25.81304,30.17611,24.02745,25.11737,25.91146,27.41022,24.40260,25.14024,25.11788,23.86303,27.98804,22.76930,20.89395,22.62891,24.19888,21.33494,22.93775,20.73857,17.47545,19.04634,15.85224,17.02734,17.82945,12.01488,11.38921,12.99865,10.68030,5.77610,14.04774,11.55004,12.71414,8.81918,13.15767,13.55998
9.20229,10.06306,13.86724,19.14198,19.06431,20.37401,23.61267,25.47977,25.07422,23.03253,27.99791,23.54333,23.89594,21.34642,19.95030,19.32695,16.61474,11.51521,11.00320,13.42714,10.60630,14.98062,10.40161,10.51267,11.05917,11.03472,8.38167,8.84444,7.34171,7.18805,6.90292,6.19476,6.28736,7.82017,5.88695,4.73603,4.40373,5.02425,3.62972,4.03289,2.79763,1.71521,0.31501,0.00000,0.62810
33.84624,33.88395,35.29959,45.04014,49.48056,51.53495,53.84387,57.23105,55.71777,53.76532,58.22086,66.83421,66.92926,64.48947,58.88933,54.61347,54.55365,44.32013,41.52266,37.62769,31.57458,34.28647,27.23638,24.66555,25.67710,26.88833,22.88852,19.63194,20.67980,18.99749,17.13947,16.35124,15.22512,17.31042,16.38286,14.32685,12.81137,12.58480,9.75257,7.57062,5.42421,3.13161,1.03525,0.07609,0.56373
14.57902,14.39651,18.46703,23.49059,24.71821,27.78596,29.78570,31.05074,31.74102,29.59159,30.62800,31.96350,29.23078,24.14610,21.84775,19.04580,16.21225,10.72604,9.29665,13.99221,11.15993,14.25009,12.40746,10.72420,11.17795,15.57825,10.45996,10.00075,12.99042,10.65044,10.18525,11.68639,9.38110,9.55030,6.76947,3.52592,5.09461,4.27473,0.65860,0.82125,0.83795,0.54039,0.00000,0.00000,0.33535
16.04278,18.01448,18.26029,22.63085,27.80870,27.80461,30.85408,37.93540,37.68666,34.97618,39.67077,41.82716,40.42506,36.16069,31.29348,29.18845,28.01308,22.32149,23.48836,24.37591,21.01761,23.71732,18.48896,18.24243,15.41927,14.16920,12.32662,9.28861,8.40129,8.67452,6.96859,6.29070,5.33113,6.39409,7.52973,6.31124,4.57931,5.26448,3.53206,2.69848,1.22623,0.33028,0.00000,0.00000,0.35854
16.36164,15.76513,19.09447,22.12158,23.20365,24.39570,33.98912,40.85540,41.46468,38.49630,44.66375,51.96839,51.30562,47.97807,44.49727,41.22754,38.81103,32.02292,34.30123,32.86462,29.87244,31.11542,25.47863,26.66616,23.57504,20.53639,20.64696,18.96032,19.03291,16.66203,14.99569,13.82308,12.24230,12.56415,9.30865,7.69518,8.77169,7.98961,7.03512,7.99836,7.33970,8.47415,6.01989,4.47039,3.41043
22.17141,20.74332,17.89101,22.37349,28.63383,29.60894,27.73318,21.16756,22.70702,11.53945,5.22098,13.21244,18.05469,10.71179,15.78176,14.49857,16.35360,18.43091,19.96751,19.03773,17.39755,17.38790,11.36411,15.37880,11.96954,10.93900,11.98029,11.79644,10.94026,12.39983,10.11253,9.45845,11.56780,10.70941,9.62136,9.57083,10.36716,9.01035,8.20434,7.67941,8.41418,7.86912,6.12611,5.12629,2.89013
11.22049,13.79426,20.77561,20.58432,20.63444,21.98016,23.97332,23.66999,19.32518,9.03474,0.00000,7.27174,10.39218,9.56850,4.65812,4.42039,5.78601,5.67860,6.44552,9.04135,7.15469,11.14461,12.11856,9.72542,9.44817,10.48476,8.72941,10.28003,15.61374,13.16899,13.73385,9.95395,11.39136,15.57747,14.63530,13.93843,12.07040,13.09168,11.38610,9.93649,10.09938,4.88394,4.64779,4.43176,4.70041
17.67629,18.64304,23.50053,26.47020,30.81754,30.89778,31.30597,29.63086,22.16749,18.81765,5.86153,16.24839,20.14931,13.52514,15.75223,13.20716,15.05308,18.85603,18.73176,20.96848,17.09774,19.87373,19.31959,18.66957,14.57714,15.49532,14.56500,15.71352,16.22533,14.41469,13.21934,13.90260,12.64459,14.82374,12.85981,10.76950,10.50428,10.33073,7.26777,7.17599,5.43485,5.39088,3.59782,2.04867,1.31290
68.07381,72.23540,63.52922,78.65508,92.81219,88.36983,91.70799,79.08324,55.98211,72.84419,69.26281,64.99808,57.51949,58.94879,59.10849,57.15274,50.30191,49.42808,48.54088,54.78415,51.64912,53.09001,48.82550,49.62537,44.20965,45.61805,40.78366,39.57441,39.68869,37.48359,35.77576,31.10615,31.34406,32.43712,34.60019,30.05820,25.14944,24.20497,21.33900,20.25421,17.85114,14.78837,15.55405,14.09677,12.12469
25.39516,23.56119,26.75164,30.84117,34.14447,39.59323,38.16939,36.72170,34.93372,31.36345,40.13993,39.66490,37.59201,33.28106,34.06541,32.30544,28.81486,22.62211,21.96512,21.54144,17.67895,17.60527,14.70362,15.00101,14.59682,13.93324,13.07497,11.30787,12.74388,11.53197,9.55696,8.79525,9.52897,10.90726,14.32260,11.37140,8.08147,9.33505,5.87528,6.41528,5.21564,5.98712,4.34871,2.30040,2.38691
11.17343,14.33325,12.37759,12.16532,16.86827,26.51941,24.75451,15.21934,22.32817,23.21611,30.41509,27.52034,25.90801,21.44309,21.07450,18.40317,15.68727,9.08659,9.23461,8.89195,6.35067,8.64363,8.31946,6.86344,4.85750,5.32520,4.68243,5.45699,5.52709,3.62061,3.17394,3.16787,2.32037,2.42903,3.54621,2.06931,1.57086,2.41156,1.12251,2.45618,1.16347,1.03686,0.00000,0.89807,0.64437
6.71684,4.39759,5.72093,12.29163,13.77897,12.23483,15.12995,17.73065,19.32399,18.25790,20.26277,17.97715,22.57347,15.10790,16.68395,15.57003,12.91994,9.56786,13.04243,13.68424,15.47257,17.69154,14.92909,13.67491,15.53893,16.29846,13.16339,12.60716,14.55866,13.05012,12.22760,12.77279,12.77918,14.21996,13.64212,9.97830,9.79155,10.43556,5.67987,6.72226,6.35031,3.90308,2.87089,3.10241,2.80279
14.64019,11.32088,6.75042,21.64796,34.73399,35.96738,36.29136,45.96025,47.62576,49.76054,57.76642,58.81182,56.14855,54.70527,51.91123,49.07952,45.66817,36.71354,35.38680,37.80408,31.18879,32.79160,29.61832,29.67155,30.27662,29.63855,24.10760,25.71795,23.44194,19.73747,17.65418,11.16064,11.10833,13.92170,14.55389,14.12601,11.44605,13.03267,13.27928,13.70161,10.74437,8.17924,5.50701,11.32679,6.05442
87.32523,89.01152,93.20657,119.59521,139.14278,137.04425,133.85371,124.49646,110.23546,102.34013,92.21935,104.25955,86.81643,85.53516,79.14610,68.02618,64.08272,56.14396,57.82477,56.81899,61.14094,62.83561,63.34171,61.96579,65.47613,64.68997,61.25253,57.91572,52.55362,44.74308,43.06834,36.93524,33.09761,31.60443,28.15095,25.66712,20.22822,20.83351,22.68654,28.59614,23.79696,23.03757,20.91925,23.28521,21.46487
20.95080,20.82653,20.82062,27.01793,29.59626,30.61732,31.01858,30.54660,28.31786,23.38236,23.63499,24.22631,20.42784,18.45320,17.70748,16.24119,15.87329,13.26478,12.45517,16.49037,12.58649,14.51347,13.13929,9.89526,11.13626,15.00864,10.89566,11.23809,10.72638,10.05573,9.51542,7.23708,4.80468,3.59125,3.43127,3.53698,3.31549,4.97862,5.68527,7.40523,5.71204,6.91373,4.23293,2.72256,1.44219
23.93463,24.48102,24.04209,29.46381,31.67077,30.69265,32.21058,30.95880,30.46931,28.16113,24.93293,24.27527,22.92086,18.46059,20.22240,17.20369,14.36150,12.83574,13.31110,16.00195,15.28539,19.15830,17.82444,14.80777,14.88696,17.46052,14.02493,12.11672,11.64980,10.34447,8.31374,7.29147,8.44418,9.55480,11.74594,12.86146,12.68841,13.31135,12.97765,12.06234,9.12263,8.30441,4.94171,0.55148,0.65575
26.08432,29.37613,26.29988,31.86706,35.42170,37.55257,43.35727,41.25000,38.19011,29.85571,32.32895,37.76570,30.07561,26.77911,26.66814,23.72888,19.55824,15.89940,15.21668,16.66827,14.41987,17.65788,16.16504,14.13031,16.84785,24.49234,20.20048,17.30250,23.70885,20.83562,19.36453,20.73987,19.18019,19.45781,19.17285,13.98493,12.98150,10.07228,3.41246,7.18646,4.56420,2.89724,0.00000,0.49256,0.01181
23.04757,22.85042,20.44128,27.62208,27.33410,26.88536,28.15032,24.30422,24.28699,20.73293,21.13255,18.97883,25.10943,19.12675,21.76741,17.24478,17.09614,15.96160,16.78495,14.65285,14.52973,17.46746,15.56761,13.99520,14.52241,17.28065,18.07413,18.43445,21.58152,19.09289,19.01988,17.53921,15.74854,19.03671,16.13318,14.53778,8.84774,9.52510,10.42646,11.24066,3.47535,5.62954,3.26463,2.34198,1.96218
16.91720,16.89132,18.93017,24.64009,26.09129,26.77374,28.79025,28.44138,27.36465,29.24419,32.41467,30.96228,36.12038,29.52494,29.13763,27.38517,26.04206,18.61076,17.93790,21.52272,16.39645,19.21799,17.59359,16.99473,16.47775,18.63747,16.92304,20.01170,24.83469,22.17623,22.62095,22.64790,22.74322,28.55968,26.24619,24.01892,19.56628,22.56572,22.32278,19.74002,17.69072,15.97878,12.53968,11.32345,6.92188
7.38089,7.10478,9.76314,12.26594,11.83355,11.66279,13.75815,14.95403,14.67071,8.18021,10.33535,7.56925,11.28123,4.99863,6.35630,4.37830,4.04577,3.15989,4.39664,4.85621,3.33227,3.70706,3.67518,2.11460,1.30337,1.67230,0.51752,0.28398,0.58231,0.93679,0.54165,0.78813,0.40879,0.78791,0.76097,0.00000,0.47509,0.00000,0.57140,0.70326,0.00000,0.20107,0.00000,0.00000,0.00000
12.83737,12.81958,15.50750,19.30153,21.81211,23.44946,25.75931,26.23797,25.13172,20.88433,26.40251,24.70124,26.32215,17.42203,18.40212,17.90480,15.31823,10.42484,12.91542,11.26943,11.47900,13.50032,9.58147,10.37855,8.21667,7.90822,7.14984,5.24690,11.02823,9.38419,4.68117,8.77036,7.38850,8.81228,9.06397,7.02529,7.89173,7.61665,5.75605,7.33991,5.04683,4.90418,0.75031,0.50008,0.67939
26.01230,26.24035,23.70085,30.76908,32.16285,35.00152,36.78665,37.49702,33.42275,35.65036,44.34110,47.02632,51.68769,41.27994,45.85384,46.88454,43.21499,37.33493,34.08636,38.97783,36.69613,38.40385,36.19107,34.25624,36.28903,48.46833,45.29089,41.93871,50.03503,40.64039,38.12606,40.24076,35.58685,36.26552,29.74518,23.21278,23.66009,22.63052,17.07186,18.98633,17.50835,20.15444,16.48792,14.06265,12.50167
13.87581,14.97441,14.50168,15.91632,18.60677,19.67023,21.24571,23.74603,21.55808,22.49743,25.25125,23.26332,27.33401,18.96990,18.15911,16.92467,15.52777,11.74845,12.63402,12.35511,10.29287,11.03977,10.69402,8.58624,7.64958,7.66127,6.56807,6.33342,5.68078,5.36614,5.35525,5.11680,4.87851,5.52511,6.76968,5.74447,6.71840,5.31794,3.17406,5.73933,5.25153,6.01360,4.62359,4.14841,3.35007
7.68057,6.39606,10.35425,21.30672,22.09167,26.76944,28.01975,29.44742,32.43035,31.35520,35.41466,37.65303,40.17372,35.19533,38.24171,34.92834,33.50114,26.18492,25.38309,22.99286,18.22854,17.26721,16.43175,15.62014,13.83733,17.30266,16.07364,20.82645,21.84194,16.42989,17.08475,16.72681,15.95740,18.68922,15.65357,15.09870,9.77973,13.71010,14.40392,14.65232,11.28481,10.49824,7.63232,2.74238,3.07613
3.43277,2.76029,2.61358,2.78441,3.51538,2.43190,3.42728,3.42135,3.18302,3.85365,0.93073,0.82807,2.21390,0.00000,0.32857,0.00000,0.80385,0.00000,0.22880,0.37352,0.00000,0.00000,0.83946,0.03126,0.00000,0.00000,0.00000,0.00000,0.00000,0.19722,0.24418,0.12290,0.00000,0.22344,0.00000,0.00000,0.00000,0.00000,0.45218,0.00000,0.00000,0.00000,0.00000,0.00000,0.00000
17.28027,16.53333,14.82264,17.27061,18.68193,20.27175,23.63350,22.45901,20.65428,17.26800,14.50640,16.98871,19.52275,11.82067,12.45457,10.94045,10.09437,9.06096,9.22876,8.53757,6.83887,7.65648,6.91413,6.49925,4.15179,5.05026,4.02028,1.75350,1.92417,2.86746,0.52282,1.05227,0.00000,0.42790,0.00000,0.00000,0.08093,0.00000,0.59144,0.00000,0.00000,0.09553,0.00000,0.00000,0.12259
57.10895,55.91870,49.09735,60.32074,59.89885,59.15333,57.96181,54.02024,51.21263,46.30864,48.25198,49.67397,48.62910,40.54592,37.66441,33.46260,30.90794,22.65368,22.13000,18.71123,13.93332,14.78942,12.32705,10.98906,8.63993,11.02912,8.23792,6.07918,7.33579,5.56218,4.40522,5.64537,3.65886,5.32311,4.74314,2.76850,2.79336,3.11821,2.66324,1.97502,1.22231,1.08386,0.09470,0.00000,0.49109
21.97410,22.45941,19.44690,22.93063,23.55962,26.92110,26.22046,26.19781,26.44667,25.11678,27.33496,29.19173,29.45389,21.07121,20.82509,19.08270,16.14853,11.08873,10.36303,10.02582,10.09158,11.34337,5.98550,9.77132,9.43745,7.60174,7.83626,5.19018,5.99105,6.44079,2.77644,2.30156,2.54684,2.54512,3.49663,1.68158,2.01268,2.06589,1.46732,1.00919,2.25792,0.92813,0.32939,0.00000,0.61913
55.20616,56.64675,54.24706,63.80872,66.29898,67.40908,67.17049,65.48586,60.85742,55.93960,54.20812,53.21449,45.83965,42.93146,39.35402,32.05746,30.28829,25.89401,27.09579,24.98099,23.97280,23.93520,21.81801,19.79213,18.65475,16.97466,13.77276,10.94867,9.73582,7.21486,5.35742,4.72069,3.24055,3.94161,3.93983,3.18403,3.32667,3.85161,2.46045,2.51678,2.85066,1.93946,0.71301,0.59155,0.52632
41.50332,42.66572,32.96747,43.25124,46.19586,48.84112,48.98496,46.28507,43.23879,39.99788,41.58352,41.51177,40.84624,34.63172,33.79432,30.08613,28.12984,22.38427,22.07305,19.82936,17.09528,20.36655,15.25433,13.99294,12.63785,11.30175,8.49387,10.02837,9.90094,9.19297,8.83554,8.02822,7.39926,11.94343,10.47068,8.88072,5.02467,8.01200,8.59172,9.24753,10.68180,8.45100,8.92201,6.80880,6.66504
50.78298,49.23642,41.93600,56.29784,58.07592,59.21341,60.89307,62.01596,61.74052,53.16852,54.12070,59.78480,52.63362,47.67126,43.08875,37.55787,37.06371,28.58080,31.02434,27.93862,27.05280,26.67716,23.95479,20.05590,20.86875,17.04404,13.24807,14.36684,13.18836,10.47375,11.53900,9.31256,9.31404,10.10702,9.22475,7.16747,8.51384,7.36949,4.95207,4.60538,5.24010,2.69929,1.90560,0.00000,0.64682
40.99192,40.29604,35.95569,43.21013,43.77930,41.28273,42.37273,39.75603,37.98997,29.43492,32.05252,36.95995,37.26778,28.91203,34.62528,30.98705,29.71117,28.12452,26.79485,29.47699,24.56539,23.04643,17.98874,18.00411,14.89454,12.26408,8.38134,7.52221,8.00106,7.21000,5.44528,4.96536,4.21399,7.13072,6.00556,4.64234,5.51094,5.83386,5.15433,4.56760,2.94233,4.84214,3.31416,0.00000,0.71376
27.74267,28.38675,21.65860,28.64843,28.93029,28.70142,30.65286,31.68467,30.13571,25.46293,30.64278,29.66904,32.50842,24.89984,27.04717,25.25703,25.39336,19.38581,20.92681,17.48208,16.19628,17.76453,11.71144,12.76598,13.19266,14.18039,10.34480,9.37718,10.46099,10.47112,8.40583,6.69551,4.91675,4.57203,4.91990,0.50006,0.19026,0.11747,0.62637,0.27896,0.00000,0.00000,0.00000,0.00000,0.16093
37.27147,37.37677,33.38372,41.34898,40.62920,38.39917,38.54641,35.27402,32.18898,31.30146,29.74156,30.05085,30.29850,25.98088,27.17342,24.28508,20.73998,18.17364,16.92815,16.75122,12.78801,13.68889,11.37513,10.84494,9.08546,12.87276,11.49547,8.72937,9.28202,8.45291,6.40373,7.87202,4.63488,9.01691,8.08344,5.86816,2.39204,2.78909,5.49532,6.56959,2.48201,3.81559,2.57199,0.47337,1.64384
18.66771,16.50501,12.73841,18.69338,22.39880,24.50108,26.76577,31.41164,30.88134,27.03011,29.82692,31.00537,32.66264,24.81401,25.67903,23.01320,22.03457,18.74504,17.56776,16.59957,13.14987,12.93557,9.62191,8.00881,6.95784,6.44846,5.17794,3.72543,3.88379,3.94781,1.89594,2.21495,1.22007,1.30529,0.53141,0.38622,1.63713,0.79952,1.05565,2.08893,0.92385,0.78425,0.00000,0.00000,0.48754
27.36784,25.05636,23.35097,27.68465,31.81023,30.79555,29.46670,35.44210,27.96799,26.99861,12.41470,26.89419,28.78539,24.78828,21.77427,20.16529,17.50712,14.91810,14.07121,15.18404,10.70238,12.36580,11.01870,10.13677,10.02787,10.93764,8.37180,7.55513,6.46525,5.72671,4.22988,2.75227,1.26897,2.11587,1.00356,0.00000,0.38560,0.44406,0.66388,0.24738,0.15125,1.13030,0.06304,0.00000,0.30737
25.91615,23.56995,21.06569,27.25403,28.10578,31.03890,31.68721,31.31402,30.29688,26.42987,24.90492,26.34079,25.08899,19.33743,18.87485,16.71048,14.09201,10.86535,12.34031,11.36049,8.86748,8.99786,8.25990,7.59665,7.99897,7.03788,5.25324,3.85165,3.96967,3.97987,1.39947,1.84855,0.27539,1.09265,3.73398,2.48081,1.86623,2.33819,2.86545,2.85292,3.06407,0.36427,0.10809,0.00000,0.73162
21.76062,19.32071,18.17497,22.88216,24.65598,24.91638,23.57344,22.71853,20.96035,13.56232,9.93122,14.31677,18.87217,11.01398,11.85738,10.19408,7.39628,6.08803,6.43338,3.76534,2.19306,2.53212,2.86712,1.38898,0.62431,2.26593,2.37043,2.85594,1.38107,2.67261,1.45908,1.89029,0.54920,0.41578,0.00000,0.00000,0.27122,0.00000,0.49710,0.00000,0.00000,0.00000,0.00000,0.00000,0.00000
16.84777,14.65405,15.93414,21.21951,19.90402,18.83327,19.96171,21.34865,20.70655,17.17177,15.78651,15.09756,20.73327,13.62406,13.21569,10.96462,9.68871,7.58484,9.38548,8.65837,8.13497,8.99797,8.58457,5.98030,5.77269,6.13905,3.53029,1.97544,2.05712,1.59062,0.69690,1.34794,0.09453,1.09291,1.99569,0.66786,1.14233,1.28762,1.02582,0.64818,0.54980,0.00000,0.00000,0.00000,0.27146
47.13314,48.89049,39.44881,52.65606,55.58404,56.99877,54.49880,53.00684,47.18761,41.13671,42.66755,45.39656,38.55193,33.47326,31.21996,30.93767,31.03732,22.24761,21.10633,20.28058,17.01461,15.15114,10.78037,9.33281,8.91065,8.46828,6.81015,7.44737,7.45744,6.91287,5.66175,4.56778,4.18910,4.24162,2.62661,0.94691,1.36857,1.71911,0.95040,0.80705,0.00000,0.44653,0.00000,0.00000,0.32824
35.23608,35.93670,31.34359,36.35105,40.36900,42.00687,44.88835,45.83523,44.01857,37.13845,46.34069,45.53781,35.52119,35.42805,28.97562,24.82330,22.41975,14.93317,14.18784,15.30028,12.06672,15.97382,12.58702,10.96170,9.40397,14.52211,9.71198,5.23837,7.26398,4.78390,3.35636,6.26258,2.10052,3.43892,2.77238,0.72102,1.65280,1.71078,0.78085,0.33882,0.57343,0.40325,0.00000,0.00000,0.33051
24.26628,24.23134,21.90479,26.86319,29.75929,29.42445,32.28395,30.60754,30.26621,28.49746,28.28208,32.32472,34.59741,27.02245,26.39860,22.46573,23.25026,17.90297,15.07063,11.92388,9.23343,10.23541,6.68732,5.52201,4.13122,5.58919,4.30113,3.73865,2.80876,3.81489,2.48146,1.80595,1.15692,1.25231,2.83204,1.06931,1.30835,1.95008,1.35031,4.87582,2.15007,3.25819,1.11620,0.67400,0.42111
21.31836,21.44082,19.07976,21.93953,21.71999,21.76167,19.92181,19.26726,16.65289,13.65049,10.64348,11.00298,14.49481,7.18166,7.06355,6.76677,5.06218,3.25799,3.90316,4.21822,2.95273,3.26515,2.66397,2.17899,1.64083,1.39128,0.18357,0.00000,0.31333,0.92504,0.44057,0.30287,0.00000,0.64739,1.43414,0.26571,0.20548,0.19924,0.48519,0.40694,0.00000,0.00000,0.00000,0.00000,0.00000
25.02252,24.93926,17.72788,25.42927,25.12646,30.59158,32.72308,30.69648,26.96475,18.29449,19.05638,23.00508,28.37342,17.48733,19.30600,19.26000,18.15648,19.97873,21.32638,18.92719,21.13256,23.36604,11.59446,15.06743,9.56948,7.13656,5.16795,4.40729,4.10272,4.10946,3.64915,2.69346,1.56429,2.15911,1.12977,0.00000,0.27046,1.08555,0.93594,2.09133,0.17449,0.96000,0.73331,0.00000,0.13621
19.59931,22.19532,22.51185,30.17624,28.68526,26.40132,31.00227,32.05669,30.96803,25.71838,26.98464,30.02793,32.43657,23.55751,26.34747,23.87550,21.63756,17.78093,17.53787,17.71398,16.37048,19.67301,17.36819,16.58348,15.74994,15.65328,15.09415,11.98306,13.18623,12.33339,9.70648,10.29367,11.01651,9.89790,9.18696,5.10983,6.04627,4.93745,1.97120,2.17179,2.37489,3.20590,1.34657,0.15185,0.82274
21.23800,19.91879,18.23742,25.32589,25.15595,22.88228,25.06511,24.74129,25.71930,26.88013,23.21830,23.24412,28.05446,23.40844,24.46687,21.80456,18.54038,16.01359,16.12709,15.71326,13.37896,16.27482,12.10174,11.98101,14.11745,18.35031,18.23250,18.49968,16.38955,15.41334,15.98558,13.19528,14.12256,14.73017,14.39941,15.73856,15.47452,15.49706,13.98179,16.20234,15.63926,15.33462,9.77612,9.00419,7.71383
52.31208,51.18376,54.04123,62.21496,67.90269,77.78802,70.28743,62.40258,60.68903,65.04155,88.01582,86.37158,80.05413,83.49221,77.04378,69.59573,65.35790,46.39948,46.72026,39.04723,35.48513,36.58049,30.24350,29.82587,28.53484,31.16200,28.10470,29.79156,31.66337,28.18866,26.95729,27.66786,25.14278,35.91595,35.90821,35.25766,17.75776,22.41552,22.21664,24.60425,17.40384,16.33880,11.82201,7.54025,5.81180
36.40316,39.37210,33.08467,40.47128,47.31174,49.77547,50.68412,47.80779,43.82222,31.59667,29.71400,37.47598,37.53933,33.61179,31.95659,26.75947,29.01322,25.34969,26.36779,25.67485,22.78528,25.66199,19.96789,22.24755,21.14571,26.54157,23.03082,18.19563,25.29432,26.45646,30.47773,30.52430,31.81170,32.79164,29.64138,25.24780,16.15138,13.33229,8.64105,11.69352,12.93734,15.44377,12.81485,12.84763,11.56681
15.12331,15.97012,16.53678,17.46524,19.14916,23.60227,23.96676,23.19502,26.83643,25.52625,25.27126,26.47124,23.53716,21.18991,22.05459,17.83027,17.46717,19.24978,19.11377,21.98438,19.92627,20.82995,19.23360,15.11180,15.24824,14.55298,11.00266,12.21165,10.51009,8.56633,8.99462,10.13494,8.49742,12.25519,8.72826,7.74694,5.43545,7.54193,5.48844,4.44691,2.79321,2.53713,1.23391,0.77587,0.57639
15.23804,14.23357,15.62450,18.39562,24.11398,24.05845,24.41419,22.25315,24.03218,19.87067,20.42788,21.48147,23.14074,18.25269,20.05953,17.53824,15.10332,12.82627,11.85351,13.53268,9.22988,11.00947,10.90009,10.30961,9.02144,11.90962,10.35029,6.91420,6.93645,6.34477,6.22609,5.09864,5.75931,6.86816,6.98278,5.99287,4.92914,4.92860,4.68146,4.37554,3.58716,2.69746,1.42542,1.07119,0.65875
70.81438,75.96691,70.02017,85.38067,95.55565,102.57196,100.71768,100.47411,96.26077,85.26242,104.94922,114.57191,93.37740,92.80655,86.09747,79.42083,75.91761,64.68225,61.94488,57.55846,54.19570,57.07183,46.39215,43.93393,42.65158,54.60812,49.14037,55.18473,62.44521,58.20908,59.71998,58.39146,56.07343,57.08923,53.02507,45.95799,38.54261,36.42979,30.62696,31.77730,28.96107,30.61062,24.65414,17.83467,17.02286
20.21308,23.65505,25.07476,33.20914,34.15067,34.82192,37.52599,38.01582,41.22733,40.02498,39.90423,46.47614,50.71713,45.72587,51.94696,44.10367,44.68175,43.06861,39.68812,38.61423,37.65277,37.01387,31.72564,28.85933,27.07508,30.50742,26.47182,24.91818,25.83427,20.92061,18.44700,19.74089,18.19294,18.99641,13.54025,12.03497,12.30121,12.27230,9.44296,10.78887,8.95363,8.48373,4.40419,3.10961,1.51900
64.64307,73.37451,61.54889,80.07084,90.87099,91.13425,95.63583,95.85791,88.07272,86.56805,98.10857,112.40085,99.74268,95.79158,96.20275,91.41383,83.85774,75.26723,68.81806,73.29739,70.34250,72.17175,67.29326,64.89371,65.79914,68.73494,61.73834,65.61402,59.01970,50.93210,49.75501,42.26852,40.89713,39.06950,36.21917,34.50425,30.47226,31.22470,23.68722,23.55532,21.55780,18.30160,12.70674,10.53286,9.67932
63.26320,64.86695,63.64386,83.52836,88.67271,89.86711,94.57816,95.23778,86.80898,79.07654,93.10868,97.77152,83.35932,82.88428,83.49216,78.82155,74.68074,64.51984,61.27331,58.04668,53.27803,51.79883,43.31231,41.76885,41.67332,44.98229,41.38631,39.86640,39.03867,33.39443,31.44084,30.49894,30.73784,35.71120,31.54596,33.82283,31.89017,34.35160,30.95875,30.52197,28.02043,24.94886,17.41343,19.76589,14.28045
60.69430,64.72397,63.30136,75.03142,89.04349,99.29201,95.56449,94.29398,88.01501,84.87939,126.13539,127.22775,110.84196,113.82470,122.88971,117.86324,113.73157,110.56807,96.40599,116.13408,117.18702,131.07208,123.95373,114.65475,120.13015,129.38792,118.86876,110.41958,105.36575,90.99070,89.91438,81.36388,80.95638,80.04724,70.58947,65.39755,58.82528,59.80144,51.71874,55.88964,51.46646,48.92042,43.18238,38.31820,35.75570
55.96591,54.76341,48.27237,77.70697,90.85950,92.06750,90.20160,101.53464,101.98422,103.93642,115.60255,127.25752,109.88504,116.59321,106.74794,102.02266,97.14037,84.42065,82.16796,80.24844,76.63554,80.89673,69.85295,67.44862,69.05132,73.08033,69.77629,75.18134,69.83384,58.60633,60.83599,52.36253,50.51766,46.72841,42.41000,40.52638,35.71939,37.32040,32.21505,34.49074,33.64044,27.87278,22.85266,25.27407,20.82108
27.30762,25.69695,6.21949,20.73799,30.47723,35.92679,32.12236,27.44918,31.65695,32.48249,34.10951,30.89900,27.74779,27.01145,26.72675,25.21271,20.84635,16.62111,16.56760,20.53545,18.86319,24.43569,20.47967,18.86370,22.67480,26.67595,22.59295,17.87463,18.27438,16.75886,13.15648,13.97481,12.47967,13.92150,13.10653,11.12148,10.27995,10.95290,8.42407,8.16792,8.18879,8.93942,6.76664,6.26069,5.26835
20.66541,20.64783,19.65631,27.34373,30.99335,34.16953,31.48005,34.60437,31.11568,31.15867,36.35865,32.56199,31.36084,26.24908,26.02750,26.11251,22.38518,18.82267,19.89203,22.27052,22.49870,23.33836,18.69977,19.35160,20.69925,19.67415,18.19257,16.01689,17.54794,15.86784,14.06849,10.55623,10.62899,11.55656,9.66714,7.17348,7.00283,6.53139,5.98190,5.38024,4.17029,9.95427,14.74492,7.77629,7.18393
24.94006,24.32164,23.25119,29.84209,33.14133,33.63514,34.06893,36.83293,35.44791,36.39426,42.22990,45.63776,52.65090,47.76328,49.96710,47.62675,49.62594,46.81833,47.74216,48.60034,46.04130,48.52181,42.25653,46.21265,43.34964,43.51165,47.80547,50.58495,48.28682,42.74030,39.52205,38.12767,41.38613,40.62388,36.69738,36.20011,34.26610,37.16116,34.25962,34.84332,34.37090,29.87773,26.81563,22.85513,18.18739
26.64278,28.73508,28.43739,45.59738,48.27103,49.26850,51.11140,56.92716,55.98104,52.35988,54.07453,52.60122,40.62722,42.99643,36.01199,31.72231,28.98266,22.13284,23.99454,25.15428,22.37401,21.71547,19.13706,20.74480,19.13175,15.72407,13.88142,11.83056,12.55084,9.54142,5.87285,5.02724,4.87622,8.24597,6.65190,5.79666,6.56458,6.17472,5.74124,5.59307,6.41041,7.91115,6.51661,5.90394,7.89044
19.54582,19.27960,17.88079,26.64151,27.14138,29.55499,30.51663,32.71572,32.95569,32.57010,33.17750,33.35516,34.13128,28.29153,27.88110,25.49376,25.08558,21.72943,20.98377,24.58889,20.89763,22.32730,19.67475,16.69293,17.86497,22.67449,18.46737,21.05689,24.79295,21.55145,25.04014,21.91639,23.27637,28.35596,25.37899,23.42944,21.52118,20.87478,19.43539,22.27855,20.80496,17.81005,13.17221,12.87885,9.03739
30.94933,31.00836,31.88931,40.06855,46.67175,47.49458,47.35149,46.34667,41.90775,35.51894,36.37509,39.34725,36.56868,36.43019,32.18638,29.41866,30.10570,26.00131,26.78740,26.97091,26.11885,28.90161,23.24489,22.40907,22.00661,19.70928,16.23065,18.07434,16.36044,14.05462,14.82642,15.29833,16.01149,20.00856,15.84436,13.76338,12.95097,14.67380,10.43313,9.19354,6.61510,5.62608,3.36158,2.23748,2.91010
31.72484,29.22406,26.51876,37.15234,46.86517,45.56232,51.54828,59.28666,57.29791,53.43828,59.94346,68.75638,63.25608,59.81896,62.12061,57.70333,51.10947,50.33859,46.83849,44.81536,42.37565,41.25167,36.34828,35.51426,34.81258,31.55906,29.57058,32.44706,31.59625,27.93409,28.39982,23.26256,22.62377,21.41687,19.57624,15.61876,14.65640,11.08739,10.00919,23.28779,20.43236,18.97334,15.69109,22.40349,24.52953
10.30148,8.98288,8.34501,10.31993,11.10010,10.92407,14.96449,17.07313,16.32970,12.99646,16.31990,12.65421,16.05419,9.32813,11.38117,11.03616,10.89595,9.12257,11.36655,12.64265,13.41517,18.62498,15.89974,12.93422,14.96156,18.13542,14.72151,11.40717,9.75429,8.91722,7.78627,7.63156,5.28813,7.90878,7.82437,6.74270,4.47968,6.29519,6.10031,5.27283,2.79646,1.30911,0.77942,0.52261,1.00823
40.67780,40.89138,43.83529,50.41133,54.18869,57.28124,57.47655,55.89265,53.74781,46.98584,51.41182,57.89423,51.86475,49.46566,52.95765,47.17406,46.04782,44.07574,42.22359,46.07357,43.56104,43.36159,40.87612,41.22714,41.70908,47.48415,45.71982,49.25845,47.88361,40.87089,40.22382,35.68725,34.50011,33.37964,27.08358,23.58649,25.30010,22.62281,20.01400,22.21655,21.67722,19.63492,16.59694,11.31431,10.12609
23.22495,18.68778,19.38454,23.93598,30.50629,30.96220,29.71469,30.93228,29.88213,32.39828,33.04288,31.00944,35.21106,29.59281,30.59695,28.45126,28.16810,24.09857,24.26503,26.19401,26.28555,29.37155,33.32403,30.33809,32.42868,37.01526,32.94800,36.28208,36.62231,31.05045,31.06454,23.85149,25.29246,25.48582,22.57405,22.10079,19.97542,17.66297,18.21412,20.18485,18.66411,17.07393,12.09593,4.23014,4.61943
66.21019,70.21155,60.51114,88.14443,89.78030,93.75146,91.36546,89.20119,82.64641,85.57439,87.71318,102.99439,89.94055,85.31211,88.86169,85.96828,77.97504,74.36364,72.65639,78.62211,78.66622,78.26670,65.66460,65.50380,61.92029,61.80657,52.24792,50.91782,51.11265,41.35319,38.90612,35.90020,29.31986,28.69722,24.12343,19.48081,18.58691,18.38765,16.33603,18.07943,15.83800,14.31902,9.43099,7.32827,4.95259
30.50337,30.72206,27.80406,36.61226,36.84998,39.16808,43.94324,45.50610,44.14010,37.98539,39.69338,44.15001,38.76050,36.70250,35.43629,32.37244,31.08025,26.57478,24.60248,26.49118,23.24879,26.40020,25.26546,24.96571,22.50482,26.22588,25.91589,24.65464,26.55475,23.37706,20.11093,19.30960,19.66617,20.13518,19.12361,14.99429,15.19771,13.42697,11.38865,13.68953,11.32893,10.97458,8.24745,5.43571,4.26239
24.72490,25.46689,23.62667,32.63960,33.96893,32.77239,32.61247,40.12118,39.36620,37.98906,45.52739,48.79050,49.62698,43.20823,40.96144,39.18373,36.86639,28.93156,28.30141,29.04941,28.69237,32.83268,28.87774,25.96216,27.52287,28.20120,23.56512,21.43492,21.27251,18.02254,17.58946,15.07578,16.84691,18.00355,16.82684,14.20080,12.37840,12.59208,11.24160,8.49409,6.58913,4.61527,2.15076,1.77600,1.21490
25.98560,30.39229,31.64886,40.67439,44.56419,44.20927,46.31710,46.20848,38.29916,36.59288,35.62917,38.05701,40.84098,33.36310,34.83269,34.35481,34.24980,28.41404,31.01106,32.44252,30.71757,34.27839,32.16661,29.13300,31.30747,27.47437,23.99289,22.98908,18.30659,15.15488,16.38450,12.55777,12.25055,12.57186,10.84225,10.22022,11.02094,8.77821,7.55960,9.41887,8.75081,8.45117,7.13877,6.13108,5.36662
